X,Y,time_us
5,5,497
6,5,334
5,6,828
6,6,336
7,5,289
5,7,590
7,6,371
6,7,712
7,7,444
8,5,297
5,8,643
8,6,463
6,8,797
8,7,511
7,8,847
8,8,474
9,5,313
5,9,729
9,6,485
6,9,806
9,7,512
7,9,907
9,8,514
8,9,921
9,9,538
10,5,371
5,10,790
10,6,447
6,10,781
10,7,564
7,10,961
10,8,611
8,10,946
10,9,584
9,10,1034
10,10,627
11,5,374
5,11,716
11,6,445
6,11,835
11,7,580
7,11,974
11,8,628
8,11,921
11,9,669
9,11,1004
11,10,652
10,11,1149
11,11,701
12,5,377
5,12,818
12,6,527
6,12,823
12,7,572
7,12,919
12,8,604
8,12,957
12,9,697
9,12,1126
12,10,666
10,12,1129
12,11,748
11,12,1151
12,12,771
13,5,394
5,13,765
13,6,488
6,13,845
13,7,544
7,13,975
13,8,596
8,13,1004
13,9,692
9,13,1051
13,10,697
10,13,1205
13,11,790
11,13,1343
13,12,865
12,13,1378
13,13,926
14,5,374
5,14,781
14,6,489
6,14,925
14,7,535
7,14,935
14,8,576
8,14,1116
14,9,647
9,14,1082
14,10,711
10,14,1170
14,11,876
11,14,1288
14,12,977
12,14,1421
14,13,940
13,14,1417
14,14,1036
15,5,423
5,15,903
15,6,505
6,15,1002
15,7,627
7,15,960
15,8,629
8,15,1032
15,9,747
9,15,1211
15,10,752
10,15,1218
15,11,847
11,15,1348
15,12,966
12,15,1446
15,13,1035
13,15,1607
15,14,1063
14,15,1623
15,15,1109
16,5,392
5,16,804
16,6,500
6,16,983
16,7,556
7,16,1016
16,8,620
8,16,1038
16,9,700
9,16,1279
16,10,811
10,16,1289
16,11,982
11,16,1462
16,12,929
12,16,1567
16,13,1009
13,16,1620
16,14,1087
14,16,1672
16,15,1198
15,16,1750
16,16,1266
17,5,429
5,17,893
17,6,526
6,17,994
17,7,580
7,17,1080
17,8,642
8,17,1202
17,9,726
9,17,1193
17,10,810
10,17,1323
17,11,954
11,17,1467
17,12,1031
12,17,1500
17,13,1134
13,17,1533
17,14,1166
14,17,1712
17,15,1257
15,17,1820
17,16,1318
16,17,1936
17,17,1377
18,5,500
5,18,889
18,6,508
6,18,917
18,7,592
7,18,1019
18,8,645
8,18,1078
18,9,731
9,18,1223
18,10,805
10,18,1297
18,11,952
11,18,1464
18,12,1020
12,18,1557
18,13,1118
13,18,1789
18,14,1188
14,18,1873
18,15,1406
15,18,1869
18,16,1372
16,18,1959
18,17,1472
17,18,2095
18,18,1548
19,5,419
5,19,929
19,6,522
6,19,993
19,7,614
7,19,1090
19,8,675
8,19,1214
19,9,760
9,19,1294
19,10,882
10,19,1423
19,11,980
11,19,1552
19,12,1014
12,19,1669
19,13,1153
13,19,1720
19,14,1260
14,19,1857
19,15,1351
15,19,1941
19,16,1463
16,19,2038
19,17,1523
17,19,2178
19,18,1635
18,19,2291
19,19,1717
20,5,437
5,20,936
20,6,535
6,20,977
20,7,672
7,20,1159
20,8,686
8,20,1213
20,9,794
9,20,1452
20,10,850
10,20,1434
20,11,972
11,20,1642
20,12,1039
12,20,1749
20,13,1166
13,20,1742
20,14,1270
14,20,1909
20,15,1387
15,20,2014
20,16,1468
16,20,2082
20,17,1581
17,20,2292
20,18,1677
18,20,2363
20,19,1807
19,20,2481
20,20,1868
21,5,460
5,21,948
21,6,566
6,21,1055
21,7,638
7,21,1243
21,8,756
8,21,1287
21,9,793
9,21,1437
21,10,872
10,21,1445
21,11,1020
11,21,1571
21,12,1168
12,21,1707
21,13,1210
13,21,1835
21,14,1330
14,21,2071
21,15,1402
15,21,2192
21,16,1534
16,21,2173
21,17,1635
17,21,2315
21,18,1742
18,21,2462
21,19,1866
19,21,2594
21,20,1972
20,21,2714
21,21,2074
22,5,470
5,22,976
22,6,586
6,22,1033
22,7,722
7,22,1240
22,8,778
8,22,1268
22,9,860
9,22,1426
22,10,955
10,22,1578
22,11,1045
11,22,1691
22,12,1139
12,22,1752
22,13,1246
13,22,1911
22,14,1447
14,22,2107
22,15,1439
15,22,2191
22,16,1562
16,22,2282
22,17,1710
17,22,2396
22,18,1819
18,22,2546
22,19,1936
19,22,2719
22,20,2034
20,22,2834
22,21,2178
21,22,2939
22,22,2374
23,5,518
5,23,1058
23,6,614
6,23,1054
23,7,651
7,23,1252
23,8,731
8,23,1272
23,9,884
9,23,1540
23,10,978
10,23,1613
23,11,1044
11,23,1722
23,12,1151
12,23,1897
23,13,1285
13,23,1946
23,14,1400
14,23,2068
23,15,1534
15,23,2196
23,16,1608
16,23,2364
23,17,1742
17,23,2494
23,18,1868
18,23,2660
23,19,2092
19,23,2735
23,20,2106
20,23,2957
23,21,2253
21,23,3105
23,22,2394
22,23,3215
23,23,2517
24,5,459
5,24,987
24,6,568
6,24,1163
24,7,681
7,24,1206
24,8,737
8,24,1269
24,9,943
9,24,1594
24,10,993
10,24,1611
24,11,1100
11,24,1845
24,12,1154
12,24,1804
24,13,1298
13,24,2115
24,14,1377
14,24,2156
24,15,1574
15,24,2331
24,16,1662
16,24,2436
24,17,1777
17,24,2583
24,18,1921
18,24,2685
24,19,2055
19,24,2908
24,20,2166
20,24,2956
24,21,2325
21,24,3205
24,22,2445
22,24,3328
24,23,2600
23,24,3477
24,24,2688
25,5,490
5,25,1012
25,6,604
6,25,1163
25,7,700
7,25,1309
25,8,776
8,25,1355
25,9,956
9,25,1488
25,10,981
10,25,1690
25,11,1110
11,25,1763
25,12,1219
12,25,1953
25,13,1340
13,25,2069
25,14,1483
14,25,2241
25,15,1616
15,25,2395
25,16,1708
16,25,2439
25,17,1849
17,25,2625
25,18,2001
18,25,2918
25,19,2214
19,25,2962
25,20,2250
20,25,3110
25,21,2388
21,25,3247
25,22,2555
22,25,3482
25,23,2715
23,25,3632
25,24,2814
24,25,3727
25,25,2943
26,5,484
5,26,1054
26,6,610
6,26,1273
26,7,719
7,26,1369
26,8,780
8,26,1384
26,9,926
9,26,1550
26,10,1015
10,26,1802
26,11,1138
11,26,1877
26,12,1216
12,26,2051
26,13,1372
13,26,2180
26,14,1505
14,26,2280
26,15,1633
15,26,2474
26,16,1740
16,26,2612
26,17,1896
17,26,2724
26,18,2035
18,26,2873
26,19,2197
19,26,3181
26,20,2311
20,26,3302
26,21,2541
21,26,3403
26,22,2640
22,26,3526
26,23,2804
23,26,3797
26,24,2910
24,26,3931
26,25,3076
25,26,4091
26,26,3224
27,5,493
5,27,1134
27,6,655
6,27,1167
27,7,703
7,27,1335
27,8,823
8,27,1492
27,9,969
9,27,1655
27,10,1075
10,27,1747
27,11,1169
11,27,1870
27,12,1285
12,27,2027
27,13,1418
13,27,2164
27,14,1535
14,27,2360
27,15,1682
15,27,2494
27,16,1800
16,27,2691
27,17,1922
17,27,2830
27,18,2091
18,27,2991
27,19,2261
19,27,3144
27,20,2394
20,27,3449
27,21,2570
21,27,3525
27,22,2714
22,27,3684
27,23,2914
23,27,3845
27,24,3016
24,27,4075
27,25,3277
25,27,4344
27,26,3385
26,27,4429
27,27,3595
28,5,556
5,28,1113
28,6,647
6,28,1234
28,7,728
7,28,1396
28,8,795
8,28,1460
28,9,975
9,28,1598
28,10,1009
10,28,1742
28,11,1187
11,28,1964
28,12,1302
12,28,2162
28,13,1446
13,28,2236
28,14,1588
14,28,2418
28,15,1725
15,28,2561
28,16,1838
16,28,2661
28,17,2031
17,28,2923
28,18,2177
18,28,3133
28,19,2316
19,28,3221
28,20,2467
20,28,3399
28,21,2654
21,28,3645
28,22,2827
22,28,3834
28,23,3016
23,28,4053
28,24,3113
24,28,4104
28,25,3305
25,28,4406
28,26,3479
26,28,4588
28,27,3667
27,28,4765
28,28,3796
29,5,561
5,29,1105
29,6,623
6,29,1258
29,7,730
7,29,1430
29,8,826
8,29,1500
29,9,977
9,29,1652
29,10,1078
10,29,1839
29,11,1227
11,29,2102
29,12,1331
12,29,2129
29,13,1475
13,29,2326
29,14,1610
14,29,2568
29,15,1785
15,29,2665
29,16,1887
16,29,2770
29,17,2069
17,29,2961
29,18,2244
18,29,3172
29,19,2401
19,29,3344
29,20,2550
20,29,3549
29,21,2737
21,29,3705
29,22,2940
22,29,3981
29,23,3100
23,29,4165
29,24,3232
24,29,4293
29,25,3441
25,29,4503
29,26,3617
26,29,4784
29,27,3803
27,29,5044
29,28,3968
28,29,5197
29,29,4132
30,5,518
5,30,1170
30,6,719
6,30,1251
30,7,744
7,30,1490
30,8,865
8,30,1594
30,9,978
9,30,1821
30,10,1101
10,30,1917
30,11,1246
11,30,2116
30,12,1362
12,30,2211
30,13,1525
13,30,2411
30,14,1652
14,30,2562
30,15,1812
15,30,2763
30,16,1933
16,30,2888
30,17,2100
17,30,3075
30,18,2281
18,30,3245
30,19,2455
19,30,3493
30,20,2635
20,30,3662
30,21,2810
21,30,3849
30,22,3000
22,30,4121
30,23,3197
23,30,4311
30,24,3346
24,30,4520
30,25,3600
25,30,4669
30,26,3741
26,30,4871
30,27,3948
27,30,5159
30,28,4102
28,30,5369
30,29,4328
29,30,5567
30,30,4498
31,5,530
5,31,1193
31,6,645
6,31,1292
31,7,758
7,31,1601
31,8,840
8,31,1570
31,9,1011
9,31,1755
31,10,1142
10,31,1928
31,11,1262
11,31,2154
31,12,1389
12,31,2332
31,13,1627
13,31,2442
31,14,1714
14,31,2651
31,15,1850
15,31,2805
31,16,1987
16,31,2978
31,17,2177
17,31,3258
31,18,2340
18,31,3379
31,19,2547
19,31,3534
31,20,2684
20,31,3813
31,21,2900
21,31,4000
31,22,3092
22,31,4196
31,23,3297
23,31,4407
31,24,3437
24,31,4621
31,25,3666
25,31,4872
31,26,3858
26,31,5106
31,27,4096
27,31,5307
31,28,4245
28,31,5594
31,29,4470
29,31,5883
31,30,4687
30,31,6056
31,31,4880
32,5,531
5,32,1211
32,6,717
6,32,1346
32,7,737
7,32,1579
32,8,865
8,32,1702
32,9,1063
9,32,1761
32,10,1132
10,32,1988
32,11,1283
11,32,2178
32,12,1413
12,32,2389
32,13,1575
13,32,2538
32,14,1722
14,32,2708
32,15,1903
15,32,2891
32,16,2036
16,32,2969
32,17,2215
17,32,3259
32,18,2398
18,32,3467
32,19,2594
19,32,3637
32,20,2764
20,32,3815
32,21,2954
21,32,4109
32,22,3152
22,32,4309
32,23,3357
23,32,4517
32,24,3512
24,32,4641
32,25,3757
25,32,4979
32,26,3975
26,32,5207
32,27,4175
27,32,5414
32,28,4348
28,32,5615
32,29,4570
29,32,5977
32,30,4791
30,32,6200
32,31,5034
31,32,6406
32,32,5191
33,5,608
5,33,1228
33,6,658
6,33,1378
33,7,789
7,33,1586
33,8,868
8,33,1686
33,9,998
9,33,1864
33,10,1148
10,33,2110
33,11,1300
11,33,2273
33,12,1438
12,33,2397
33,13,1610
13,33,2572
33,14,1759
14,33,2817
33,15,1952
15,33,2988
33,16,2084
16,33,3119
33,17,2249
17,33,3335
33,18,2439
18,33,3559
33,19,2661
19,33,3784
33,20,2825
20,33,3981
33,21,3042
21,33,4183
33,22,3250
22,33,4488
33,23,3474
23,33,4686
33,24,3641
24,33,4832
33,25,3851
25,33,5083
33,26,4083
26,33,5418
33,27,4307
27,33,5699
33,28,4488
28,33,5857
33,29,4722
29,33,6075
33,30,4952
30,33,6450
33,31,5204
31,33,6739
33,32,5370
32,33,6858
33,33,5593
34,5,524
5,34,1307
34,6,674
6,34,1430
34,7,782
7,34,1581
34,8,985
8,34,1712
34,9,1052
9,34,1870
34,10,1195
10,34,2070
34,11,1340
11,34,2319
34,12,1474
12,34,2458
34,13,1623
13,34,2666
34,14,1795
14,34,2843
34,15,1987
15,34,3166
34,16,2126
16,34,3208
34,17,2318
17,34,3445
34,18,2516
18,34,3632
34,19,2733
19,34,3907
34,20,2906
20,34,4127
34,21,3108
21,34,4336
34,22,3346
22,34,4537
34,23,3560
23,34,4856
34,24,3739
24,34,5049
34,25,3967
25,34,5284
34,26,4208
26,34,5564
34,27,4448
27,34,5859
34,28,4640
28,34,6087
34,29,4884
29,34,6321
34,30,5128
30,34,6522
34,31,5379
31,34,6939
34,32,5535
32,34,7185
34,33,5810
33,34,7384
34,34,6031
35,5,566
5,35,1320
35,6,678
6,35,1445
35,7,858
7,35,1663
35,8,901
8,35,1718
35,9,1054
9,35,1938
35,10,1203
10,35,2171
35,11,1368
11,35,2355
35,12,1496
12,35,2553
35,13,1692
13,35,2694
35,14,1840
14,35,2937
35,15,2036
15,35,3140
35,16,2195
16,35,3300
35,17,2376
17,35,3551
35,18,2577
18,35,3783
35,19,2793
19,35,4006
35,20,2975
20,35,4279
35,21,3215
21,35,4503
35,22,3519
22,35,4732
35,23,3653
23,35,4938
35,24,3826
24,35,5204
35,25,4086
25,35,5486
35,26,4315
26,35,5705
35,27,4577
27,35,5948
35,28,4862
28,35,6332
35,29,5039
29,35,6585
35,30,5311
30,35,6820
35,31,5542
31,35,7112
35,32,5744
32,35,7409
35,33,6002
33,35,7688
35,34,6256
34,35,7945
35,35,6502
36,5,562
5,36,1383
36,6,760
6,36,1571
36,7,814
7,36,1614
36,8,935
8,36,1752
36,9,1052
9,36,1954
36,10,1233
10,36,2221
36,11,1373
11,36,2478
36,12,1527
12,36,2552
36,13,1708
13,36,2827
36,14,1901
14,36,3017
36,15,2071
15,36,3277
36,16,2222
16,36,3331
36,17,2432
17,36,3645
36,18,2737
18,36,3872
36,19,2853
19,36,4074
36,20,3059
20,36,4312
36,21,3312
21,36,4612
36,22,3539
22,36,4911
36,23,3743
23,36,5083
36,24,3949
24,36,5239
36,25,4192
25,36,5618
36,26,4447
26,36,5864
36,27,4695
27,36,6142
36,28,4915
28,36,6356
36,29,5197
29,36,6752
36,30,5449
30,36,6996
36,31,5745
31,36,7291
36,32,5936
32,36,7473
36,33,6207
33,36,7894
36,34,6491
34,36,8177
36,35,6746
35,36,8443
36,36,6931
37,5,571
5,37,1350
37,6,704
6,37,1554
37,7,804
7,37,1732
37,8,973
8,37,1802
37,9,1105
9,37,2031
37,10,1238
10,37,2262
37,11,1516
11,37,2440
37,12,1540
12,37,2625
37,13,1753
13,37,2861
37,14,1897
14,37,3177
37,15,2128
15,37,3329
37,16,2275
16,37,3548
37,17,2510
17,37,3709
37,18,2715
18,37,3996
37,19,3004
19,37,4216
37,20,3118
20,37,4530
37,21,3371
21,37,4683
37,22,3627
22,37,5106
37,23,3864
23,37,5257
37,24,4033
24,37,5467
37,25,4310
25,37,5716
37,26,4583
26,37,6075
37,27,4835
27,37,6357
37,28,5075
28,37,6611
37,29,5350
29,37,6865
37,30,5639
30,37,7286
37,31,5924
31,37,7623
37,32,6092
32,37,7767
37,33,6379
33,37,8051
37,34,6675
34,37,8508
37,35,6976
35,37,8765
37,36,7187
36,37,9071
37,37,7485
38,5,563
5,38,1406
38,6,704
6,38,1544
38,7,882
7,38,1709
38,8,934
8,38,1828
38,9,1120
9,38,2121
38,10,1280
10,38,2343
38,11,1438
11,38,2548
38,12,1612
12,38,2753
38,13,1767
13,38,2973
38,14,1953
14,38,3163
38,15,2252
15,38,3511
38,16,2327
16,38,3561
38,17,2545
17,38,3810
38,18,2763
18,38,4064
38,19,2982
19,38,4360
38,20,3204
20,38,4623
38,21,3459
21,38,4869
38,22,3703
22,38,5102
38,23,3963
23,38,5527
38,24,4150
24,38,5611
38,25,4412
25,38,5918
38,26,4693
26,38,6191
38,27,4975
27,38,6549
38,28,5208
28,38,6904
38,29,5514
29,38,7122
38,30,5814
30,38,7389
38,31,6068
31,38,7807
38,32,6287
32,38,8049
38,33,6590
33,38,8349
38,34,6869
34,38,8620
38,35,7178
35,38,9084
38,36,7424
36,38,9395
38,37,7728
37,38,9677
38,38,8094
39,5,563
5,39,1478
39,6,749
6,39,1642
39,7,903
7,39,1847
39,8,944
8,39,1895
39,9,1136
9,39,2222
39,10,1285
10,39,2388
39,11,1449
11,39,2583
39,12,1602
12,39,2829
39,13,1811
13,39,3065
39,14,2011
14,39,3259
39,15,2199
15,39,3492
39,16,2336
16,39,3758
39,17,2604
17,39,3945
39,18,2825
18,39,4200
39,19,3069
19,39,4425
39,20,3262
20,39,4733
39,21,3525
21,39,5027
39,22,3785
22,39,5284
39,23,4052
23,39,5545
39,24,4328
24,39,5821
39,25,4541
25,39,6145
39,26,4842
26,39,6397
39,27,5112
27,39,6684
39,28,5345
28,39,7077
39,29,5649
29,39,7386
39,30,5950
30,39,7658
39,31,6339
31,39,8023
39,32,6522
32,39,8340
39,33,6776
33,39,8651
39,34,7085
34,39,8945
39,35,7419
35,39,9249
39,36,7659
36,39,9753
39,37,7979
37,39,10056
39,38,8272
38,39,10355
39,39,8576
40,5,584
5,40,1431
40,6,737
6,40,1644
40,7,891
7,40,1829
40,8,995
8,40,1956
40,9,1161
9,40,2185
40,10,1302
10,40,2506
40,11,1457
11,40,2564
40,12,1723
12,40,2886
40,13,1844
13,40,3104
40,14,2098
14,40,3416
40,15,2252
15,40,3572
40,16,2386
16,40,3751
40,17,2657
17,40,4034
40,18,2868
18,40,4283
40,19,3118
19,40,4594
40,20,3338
20,40,4787
40,21,3583
21,40,5110
40,22,3863
22,40,5393
40,23,4148
23,40,5679
40,24,4353
24,40,5839
40,25,4627
25,40,6285
40,26,4919
26,40,6539
40,27,5223
27,40,6833
40,28,5461
28,40,7137
40,29,5832
29,40,7549
40,30,6048
30,40,7829
40,31,6381
31,40,8157
40,32,6607
32,40,8367
40,33,6957
33,40,8864
40,34,7249
34,40,9181
40,35,7573
35,40,9492
40,36,7832
36,40,9764
40,37,8168
37,40,10283
40,38,8492
38,40,10610
40,39,8802
39,40,10954
40,40,8996
41,5,599
5,41,1436
41,6,721
6,41,1689
41,7,899
7,41,1895
41,8,1011
8,41,2051
41,9,1169
9,41,2237
41,10,1321
10,41,2462
41,11,1505
11,41,2716
41,12,1654
12,41,2941
41,13,1860
13,41,3170
41,14,2049
14,41,3439
41,15,2282
15,41,3637
41,16,2454
16,41,3831
41,17,2708
17,41,4082
41,18,2942
18,41,4404
41,19,3200
19,41,4676
41,20,3402
20,41,4980
41,21,3689
21,41,5220
41,22,3944
22,41,5586
41,23,4230
23,41,5861
41,24,4440
24,41,6033
41,25,4713
25,41,6434
41,26,5031
26,41,6771
41,27,5351
27,41,7075
41,28,5588
28,41,7377
41,29,5929
29,41,7665
41,30,6238
30,41,8105
41,31,6566
31,41,8421
41,32,6796
32,41,8645
41,33,7205
33,41,8999
41,34,7459
34,41,9483
41,35,7786
35,41,9822
41,36,8068
36,41,10164
41,37,8390
37,41,10441
41,38,8716
38,41,11068
41,39,9069
39,41,11375
41,40,9306
40,41,11673
41,41,9654
42,5,605
5,42,1498
42,6,747
6,42,1676
42,7,916
7,42,1987
42,8,1020
8,42,2019
42,9,1205
9,42,2307
42,10,1338
10,42,2630
42,11,1531
11,42,2807
42,12,1672
12,42,3084
42,13,1984
13,42,3214
42,14,2091
14,42,3475
42,15,2399
15,42,3789
42,16,2504
16,42,3942
42,17,2745
17,42,4241
42,18,2990
18,42,4570
42,19,3336
19,42,4814
42,20,3471
20,42,5101
42,21,3829
21,42,5391
42,22,4043
22,42,5659
42,23,4311
23,42,6057
42,24,4549
24,42,6232
42,25,4863
25,42,6582
42,26,5154
26,42,6918
42,27,5468
27,42,7313
42,28,5724
28,42,7621
42,29,6079
29,42,7930
42,30,6393
30,42,8248
42,31,6733
31,42,8724
42,32,6978
32,42,9012
42,33,7325
33,42,9343
42,34,7663
34,42,9647
42,35,7996
35,42,10160
42,36,8294
36,42,10502
42,37,8648
37,42,10826
42,38,8984
38,42,11167
42,39,9365
39,42,11720
42,40,9596
40,42,12020
42,41,9961
41,42,12406
42,42,10268
43,5,586
5,43,1560
43,6,800
6,43,1763
43,7,869
7,43,1980
43,8,1037
8,43,2145
43,9,1179
9,43,2376
43,10,1394
10,43,2640
43,11,1548
11,43,2846
43,12,1726
12,43,3143
43,13,1929
13,43,3355
43,14,2150
14,43,3674
43,15,2357
15,43,3850
43,16,2556
16,43,4127
43,17,2814
17,43,4376
43,18,3053
18,43,4643
43,19,3326
19,43,4898
43,20,3538
20,43,5241
43,21,3836
21,43,5642
43,22,4116
22,43,5844
43,23,4433
23,43,6141
43,24,4647
24,43,6430
43,25,4952
25,43,6777
43,26,5269
26,43,7099
43,27,5636
27,43,7405
43,28,5886
28,43,7852
43,29,6211
29,43,8185
43,30,6564
30,43,8527
43,31,6911
31,43,8857
43,32,7153
32,43,9246
43,33,7512
33,43,9683
43,34,7879
34,43,9981
43,35,8258
35,43,10299
43,36,8506
36,43,10850
43,37,8877
37,43,11208
43,38,9258
38,43,11548
43,39,9619
39,43,11903
43,40,9869
40,43,12400
43,41,10223
41,43,12792
43,42,10627
42,43,13173
43,43,10995
44,5,634
5,44,1539
44,6,782
6,44,1749
44,7,934
7,44,2001
44,8,1058
8,44,2100
44,9,1221
9,44,2383
44,10,1392
10,44,2612
44,11,1580
11,44,2869
44,12,1737
12,44,3117
44,13,1961
13,44,3420
44,14,2189
14,44,3663
44,15,2402
15,44,3934
44,16,2591
16,44,4086
44,17,2851
17,44,4440
44,18,3126
18,44,4740
44,19,3408
19,44,5014
44,20,3612
20,44,5291
44,21,3920
21,44,5659
44,22,4239
22,44,6041
44,23,4548
23,44,6302
44,24,4760
24,44,6545
44,25,5105
25,44,6976
44,26,5400
26,44,7352
44,27,5739
27,44,7588
44,28,6024
28,44,7951
44,29,6373
29,44,8392
44,30,6728
30,44,8734
44,31,7080
31,44,9069
44,32,7331
32,44,9304
44,33,7731
33,44,9877
44,34,8068
34,44,10240
44,35,8448
35,44,10603
44,36,8743
36,44,10942
44,37,9143
37,44,11508
44,38,9499
38,44,11883
44,39,9916
39,44,12272
44,40,10162
40,44,12489
44,41,10546
41,44,13159
44,42,10939
42,44,13534
44,43,11320
43,44,13920
44,44,11599
45,5,617
5,45,1575
45,6,786
6,45,1803
45,7,945
7,45,2085
45,8,1070
8,45,2284
45,9,1220
9,45,2492
45,10,1483
10,45,2689
45,11,1600
11,45,2988
45,12,1767
12,45,3238
45,13,1995
13,45,3484
45,14,2223
14,45,3757
45,15,2465
15,45,4052
45,16,2642
16,45,4297
45,17,2902
17,45,4538
45,18,3184
18,45,4855
45,19,3468
19,45,5161
45,20,3762
20,45,5458
45,21,4011
21,45,5773
45,22,4318
22,45,6166
45,23,4625
23,45,6495
45,24,4867
24,45,6722
45,25,5197
25,45,7113
45,26,5519
26,45,7583
45,27,5897
27,45,7824
45,28,6170
28,45,8193
45,29,6544
29,45,8537
45,30,6876
30,45,9037
45,31,7251
31,45,9374
45,32,7513
32,45,9625
45,33,7887
33,45,10021
45,34,8276
34,45,10560
45,35,8682
35,45,10989
45,36,8986
36,45,11312
45,37,9383
37,45,11721
45,38,9767
38,45,12258
45,39,10187
39,45,12657
45,40,10445
40,45,12948
45,41,10848
41,45,13384
45,42,11228
42,45,13968
45,43,11635
43,45,14398
45,44,11954
44,45,14791
45,45,12354
46,5,622
5,46,1609
46,6,780
6,46,1839
46,7,949
7,46,2132
46,8,1088
8,46,2282
46,9,1255
9,46,2540
46,10,1415
10,46,2743
46,11,1649
11,46,3165
46,12,1801
12,46,3302
46,13,2047
13,46,3579
46,14,2251
14,46,3843
46,15,2505
15,46,4231
46,16,2688
16,46,4365
46,17,2976
17,46,4673
46,18,3228
18,46,4949
46,19,3544
19,46,5302
46,20,3769
20,46,5625
46,21,4092
21,46,5972
46,22,4396
22,46,6259
46,23,4730
23,46,6690
46,24,4987
24,46,6901
46,25,5375
25,46,7314
46,26,5663
26,46,7695
46,27,6018
27,46,8077
46,28,6312
28,46,8443
46,29,6692
29,46,8792
46,30,7053
30,46,9157
46,31,7454
31,46,9688
46,32,7682
32,46,9898
46,33,8090
33,46,10396
46,34,8501
34,46,10696
46,35,8867
35,46,11257
46,36,9217
36,46,11655
46,37,9624
37,46,12048
46,38,10031
38,46,12432
46,39,10452
39,46,13050
46,40,10729
40,46,13356
46,41,11159
41,46,13759
46,42,11569
42,46,14171
46,43,11997
43,46,14830
46,44,12309
44,46,15254
46,45,12742
45,46,15667
46,46,13138
47,5,637
5,47,1669
47,6,795
6,47,1892
47,7,956
7,47,2170
47,8,1079
8,47,2308
47,9,1290
9,47,2597
47,10,1447
10,47,2832
47,11,1652
11,47,3134
47,12,1825
12,47,3423
47,13,2056
13,47,3698
47,14,2287
14,47,3957
47,15,2538
15,47,4302
47,16,2755
16,47,4454
47,17,3010
17,47,4796
47,18,3290
18,47,5108
47,19,3610
19,47,5412
47,20,3854
20,47,5788
47,21,4182
21,47,6110
47,22,4565
22,47,6471
47,23,4825
23,47,6870
47,24,5059
24,47,7110
47,25,5421
25,47,7510
47,26,5788
26,47,7850
47,27,6156
27,47,8215
47,28,6438
28,47,8702
47,29,6832
29,47,9062
47,30,7207
30,47,9440
47,31,7595
31,47,9842
47,32,7895
32,47,10226
47,33,8290
33,47,10671
47,34,8690
34,47,11061
47,35,9128
35,47,11441
47,36,9439
36,47,12024
47,37,9851
37,47,12429
47,38,10287
38,47,12880
47,39,10710
39,47,13256
47,40,10995
40,47,13768
47,41,11470
41,47,14217
47,42,11870
42,47,14635
47,43,12329
43,47,15048
47,44,12628
44,47,15742
47,45,13108
45,47,16185
47,46,13522
46,47,16606
47,47,13904
48,5,686
5,48,1689
48,6,810
6,48,1952
48,7,992
7,48,2164
48,8,1116
8,48,2358
48,9,1293
9,48,2642
48,10,1475
10,48,2926
48,11,1696
11,48,3191
48,12,1867
12,48,3428
48,13,2111
13,48,3761
48,14,2331
14,48,4092
48,15,2678
15,48,4409
48,16,2788
16,48,4571
48,17,3086
17,48,4910
48,18,3376
18,48,5198
48,19,3674
19,48,5527
48,20,3919
20,48,5824
48,21,4239
21,48,6232
48,22,4557
22,48,6599
48,23,4897
23,48,6947
48,24,5166
24,48,7136
48,25,5534
25,48,7683
48,26,5884
26,48,8038
48,27,6266
27,48,8391
48,28,6649
28,48,8745
48,29,6957
29,48,9264
48,30,7349
30,48,9651
48,31,7806
31,48,10043
48,32,8034
32,48,10289
48,33,8467
33,48,10965
48,34,8854
34,48,11319
48,35,9362
35,48,11721
48,36,9619
36,48,12087
48,37,10057
37,48,12784
48,38,10559
38,48,13110
48,39,10941
39,48,13552
48,40,11241
40,48,13845
48,41,11679
41,48,14615
48,42,12118
42,48,15002
48,43,12586
43,48,15436
48,44,12907
44,48,15829
48,45,13364
45,48,16535
48,46,13816
46,48,16994
48,47,14260
47,48,17457
48,48,17956
49,5,772
5,49,1893
49,6,888
6,49,1976
49,7,998
7,49,2327
49,8,1178
8,49,2503
49,9,1316
9,49,2718
49,10,1495
10,49,3097
49,11,1723
11,49,3323
49,12,1886
12,49,3551
49,13,2128
13,49,3811
49,14,2376
14,49,4160
49,15,2644
15,49,4451
49,16,2849
16,49,4629
49,17,3134
17,49,4979
49,18,3405
18,49,5357
49,19,3708
19,49,5682
49,20,4001
20,49,6024
49,21,4325
21,49,6348
49,22,4654
22,49,6789
49,23,5001
23,49,7126
49,24,5278
24,49,7379
49,25,5648
25,49,7785
49,26,5996
26,49,8324
49,27,6382
27,49,8615
49,28,6705
28,49,9007
49,29,7180
29,49,9410
49,30,7497
30,49,9949
49,31,7944
31,49,10336
49,32,8228
32,49,10613
49,33,8646
33,49,11102
49,34,9056
34,49,11642
49,35,9518
35,49,12124
49,36,9861
36,49,12491
49,37,10310
37,49,12912
49,38,10752
38,49,13548
49,39,11174
39,49,13977
49,40,11525
40,49,14298
49,41,11969
41,49,14760
49,42,12406
42,49,15461
49,43,12899
43,49,15901
49,44,13262
44,49,16374
49,45,13738
45,49,16787
49,46,14158
46,49,17548
49,47,14652
47,49,18001
49,48,18540
48,49,21806
49,49,22759
50,5,793
5,50,1844
50,6,882
6,50,2062
50,7,1022
7,50,2334
50,8,1142
8,50,2470
50,9,1314
9,50,2796
50,10,1517
10,50,3086
50,11,1736
11,50,3449
50,12,1918
12,50,3628
50,13,2159
13,50,3921
50,14,2420
14,50,4220
50,15,2700
15,50,4601
50,16,2892
16,50,4738
50,17,3279
17,50,5142
50,18,3488
18,50,5419
50,19,3805
19,50,5812
50,20,4081
20,50,6177
50,21,4402
21,50,6534
50,22,4757
22,50,6909
50,23,5109
23,50,7370
50,24,5380
24,50,7588
50,25,5748
25,50,8021
50,26,6203
26,50,8396
50,27,6531
27,50,8893
50,28,6848
28,50,9275
50,29,7264
29,50,9669
50,30,7662
30,50,10079
50,31,8114
31,50,10627
50,32,8406
32,50,10931
50,33,8852
33,50,11395
50,34,9274
34,50,11851
50,35,9727
35,50,12425
50,36,10070
36,50,12844
50,37,10555
37,50,13299
50,38,10982
38,50,13715
50,39,11469
39,50,14386
50,40,11792
40,50,14715
50,41,12278
41,50,15268
50,42,12718
42,50,15663
50,43,13212
43,50,16373
50,44,13580
44,50,16865
50,45,14084
45,50,17320
50,46,14554
46,50,17742
50,47,15040
47,50,18596
50,48,18802
48,50,22446
50,49,23359
49,50,23437
50,50,24294
51,5,797
5,51,1855
51,6,915
6,51,2134
51,7,1015
7,51,2327
51,8,1167
8,51,2543
51,9,1343
9,51,2850
51,10,1545
10,51,3152
51,11,1732
11,51,3517
51,12,1956
12,51,3737
51,13,2222
13,51,4018
51,14,2442
14,51,4324
51,15,2728
15,51,4650
51,16,2947
16,51,4883
51,17,3228
17,51,5273
51,18,3536
18,51,5600
51,19,3869
19,51,5945
51,20,4143
20,51,6360
51,21,4489
21,51,6727
51,22,4843
22,51,7115
51,23,5209
23,51,7465
51,24,5550
24,51,7802
51,25,5875
25,51,8194
51,26,6254
26,51,8613
51,27,6662
27,51,9009
51,28,6995
28,51,9532
51,29,7411
29,51,9956
51,30,7808
30,51,10393
51,31,8286
31,51,10782
51,32,8598
32,51,11219
51,33,9034
33,51,11727
51,34,9487
34,51,12164
51,35,9943
35,51,12654
51,36,10321
36,51,13235
51,37,10793
37,51,13683
51,38,11251
38,51,14139
51,39,11752
39,51,14588
51,40,12086
40,51,15172
51,41,12580
41,51,15647
51,42,13053
42,51,16136
51,43,13543
43,51,16658
51,44,13944
44,51,17359
51,45,14439
45,51,17829
51,46,14928
46,51,18304
51,47,15436
47,51,18812
51,48,19204
48,51,23092
51,49,23823
49,51,24147
51,50,24944
50,51,25109
51,51,25578
52,5,767
5,52,1891
52,6,893
6,52,2094
52,7,1031
7,52,2364
52,8,1174
8,52,2505
52,9,1355
9,52,2897
52,10,1560
10,52,3180
52,11,1789
11,52,3465
52,12,1976
12,52,3752
52,13,2237
13,52,4093
52,14,2501
14,52,4393
52,15,2784
15,52,4732
52,16,2978
16,52,4967
52,17,3299
17,52,5369
52,18,3622
18,52,5707
52,19,3927
19,52,6054
52,20,4218
20,52,6401
52,21,4578
21,52,6823
52,22,4938
22,52,7211
52,23,5319
23,52,7613
52,24,5565
24,52,7825
52,25,5978
25,52,8422
52,26,6369
26,52,8803
52,27,6784
27,52,9203
52,28,7130
28,52,9590
52,29,7581
29,52,10152
52,30,7999
30,52,10594
52,31,8449
31,52,11084
52,32,8761
32,52,11318
52,33,9250
33,52,11976
52,34,9686
34,52,12433
52,35,10169
35,52,12889
52,36,10561
36,52,13304
52,37,11044
37,52,14005
52,38,11514
38,52,14461
52,39,12007
39,52,14931
52,40,12378
40,52,15306
52,41,12869
41,52,16028
52,42,13349
42,52,16519
52,43,13854
43,52,17000
52,44,14293
44,52,17457
52,45,14803
45,52,18265
52,46,15300
46,52,18820
52,47,15823
47,52,19296
52,48,19564
48,52,23028
52,49,24240
49,52,24136
52,50,25362
50,52,25092
52,51,26281
51,52,25743
52,52,26194
53,5,859
5,53,2023
53,6,863
6,53,2205
53,7,1024
7,53,2410
53,8,1183
8,53,2595
53,9,1378
9,53,3010
53,10,1582
10,53,3295
53,11,1794
11,53,3570
53,12,1995
12,53,3865
53,13,2248
13,53,4256
53,14,2547
14,53,4525
53,15,2805
15,53,4863
53,16,3112
16,53,5046
53,17,3355
17,53,5455
53,18,3666
18,53,5861
53,19,3992
19,53,6212
53,20,4292
20,53,6577
53,21,4650
21,53,6957
53,22,5026
22,53,7431
53,23,5403
23,53,7827
53,24,5703
24,53,8089
53,25,6105
25,53,8525
53,26,6519
26,53,9059
53,27,6912
27,53,9446
53,28,7350
28,53,9882
53,29,7719
29,53,10311
53,30,8179
30,53,10908
53,31,8635
31,53,11378
53,32,8959
32,53,11642
53,33,9436
33,53,12163
53,34,9907
34,53,12775
53,35,10382
35,53,13262
53,36,10783
36,53,13711
53,37,11284
37,53,14200
53,38,11790
38,53,14887
53,39,12291
39,53,15383
53,40,12649
40,53,15719
53,41,13159
41,53,16316
53,42,13675
42,53,16989
53,43,14182
43,53,17508
53,44,14604
44,53,17997
53,45,15138
45,53,18465
53,46,15694
46,53,19304
53,47,16211
47,53,19859
53,48,19954
48,53,23755
53,49,24688
49,53,24885
53,50,25861
50,53,25839
53,51,26759
51,53,26553
53,52,26884
52,53,27220
53,53,27699
54,5,839
5,54,2013
54,6,929
6,54,2219
54,7,1051
7,54,2512
54,8,1204
8,54,2755
54,9,1390
9,54,3022
54,10,1584
10,54,3328
54,11,1839
11,54,3655
54,12,2037
12,54,4054
54,13,2304
13,54,4292
54,14,2653
14,54,4611
54,15,2865
15,54,4999
54,16,3170
16,54,5253
54,17,3414
17,54,5588
54,18,3729
18,54,5948
54,19,4071
19,54,6377
54,20,4435
20,54,6766
54,21,4749
21,54,7133
54,22,5115
22,54,7527
54,23,5528
23,54,8038
54,24,5808
24,54,8275
54,25,6196
25,54,8780
54,26,6649
26,54,9188
54,27,7069
27,54,9701
54,28,7406
28,54,10149
54,29,7886
29,54,10620
54,30,8317
30,54,11031
54,31,8881
31,54,11639
54,32,9139
32,54,11952
54,33,9629
33,54,12473
54,34,10107
34,54,12962
54,35,10590
35,54,13586
54,36,11019
36,54,14085
54,37,11547
37,54,14596
54,38,12043
38,54,15061
54,39,12547
39,54,15786
54,40,12917
40,54,16136
54,41,13459
41,54,16752
54,42,13985
42,54,17264
54,43,14532
43,54,17976
54,44,14950
44,54,18532
54,45,15508
45,54,19037
54,46,16060
46,54,19538
54,47,16614
47,54,20389
54,48,20333
48,54,24430
54,49,25140
49,54,25568
54,50,26257
50,54,26559
54,51,27239
51,54,27270
54,52,27335
52,54,27949
54,53,28400
53,54,28606
54,54,29164
55,5,858
5,55,2016
55,6,916
6,55,2393
55,7,1057
7,55,2598
55,8,1241
8,55,2769
55,9,1422
9,55,3088
55,10,1623
10,55,3420
55,11,1851
11,55,3706
55,12,2071
12,55,4081
55,13,2342
13,55,4386
55,14,2623
14,55,4737
55,15,2892
15,55,5074
55,16,3129
16,55,5320
55,17,3475
17,55,5762
55,18,3798
18,55,6111
55,19,4172
19,55,6488
55,20,4438
20,55,6924
55,21,4889
21,55,7335
55,22,5210
22,55,7830
55,23,5591
23,55,8155
55,24,5905
24,55,8484
55,25,6318
25,55,9000
55,26,6748
26,55,9418
55,27,7187
27,55,9854
55,28,7570
28,55,10425
55,29,8034
29,55,10886
55,30,8478
30,55,11339
55,31,8974
31,55,11817
55,32,9319
32,55,12312
55,33,9826
33,55,12851
55,34,10309
34,55,13308
55,35,10821
35,55,13803
55,36,11232
36,55,14497
55,37,11777
37,55,15016
55,38,12306
38,55,15501
55,39,12834
39,55,16016
55,40,13187
40,55,16652
55,41,13754
41,55,17193
55,42,14294
42,55,17722
55,43,14860
43,55,18228
55,44,15280
44,55,19022
55,45,15859
45,55,19591
55,46,16420
46,55,20115
55,47,16997
47,55,20639
55,48,20722
48,55,25080
55,49,25545
49,55,26239
55,50,26766
50,55,27303
55,51,27687
51,55,28005
55,52,27831
52,55,28666
55,53,28911
53,55,29427
55,54,29913
54,55,30125
55,55,30595
56,5,861
5,56,2063
56,6,920
6,56,2299
56,7,1079
7,56,2581
56,8,1226
8,56,2767
56,9,1439
9,56,3220
56,10,1630
10,56,3457
56,11,1882
11,56,3766
56,12,2109
12,56,4076
56,13,2371
13,56,4440
56,14,2621
14,56,4785
56,15,2952
15,56,5144
56,16,3169
16,56,5329
56,17,3511
17,56,5846
56,18,3838
18,56,6266
56,19,4188
19,56,6593
56,20,4511
20,56,6963
56,21,4888
21,56,7452
56,22,5279
22,56,7873
56,23,5691
23,56,8278
56,24,5985
24,56,8534
56,25,6430
25,56,9167
56,26,6834
26,56,9595
56,27,7292
27,56,10034
56,28,7677
28,56,10469
56,29,8152
29,56,11078
56,30,8603
30,56,11548
56,31,9104
31,56,12043
56,32,9456
32,56,12323
56,33,9992
33,56,13073
56,34,10467
34,56,13548
56,35,10993
35,56,14069
56,36,11412
36,56,14545
56,37,11961
37,56,15343
56,38,12486
38,56,15776
56,39,13049
39,56,16306
56,40,13402
40,56,16671
56,41,13989
41,56,17513
56,42,14539
42,56,18061
56,43,15126
43,56,18599
56,44,15556
44,56,19099
56,45,16208
45,56,19993
56,46,16694
46,56,20503
56,47,17293
47,56,21106
56,48,20915
48,56,25023
56,49,25819
49,56,26200
56,50,27108
50,56,27264
56,51,28049
51,56,28004
56,52,28165
52,56,28665
56,53,29241
53,56,29379
56,54,30253
54,56,30058
56,55,31234
55,56,30791
56,56,31185
57,5,875
5,57,2104
57,6,960
6,57,2351
57,7,1100
7,57,2727
57,8,1240
8,57,2959
57,9,1443
9,57,3218
57,10,1674
10,57,3541
57,11,1899
11,57,3937
57,12,2112
12,57,4193
57,13,2412
13,57,4525
57,14,2652
14,57,4942
57,15,2988
15,57,5307
57,16,3232
16,57,5608
57,17,3559
17,57,5915
57,18,3891
18,57,6365
57,19,4279
19,57,6758
57,20,4568
20,57,7174
57,21,4960
21,57,7561
57,22,5356
22,57,8156
57,23,5766
23,57,8523
57,24,6088
24,57,8789
57,25,6517
25,57,9312
57,26,6973
26,57,9850
57,27,7435
27,57,10298
57,28,7821
28,57,10795
57,29,8322
29,57,11232
57,30,8774
30,57,11852
57,31,9266
31,57,12362
57,32,9648
32,57,12756
57,33,10161
33,57,13266
57,34,10666
34,57,13928
57,35,11198
35,57,14454
57,36,11646
36,57,14967
57,37,12208
37,57,15467
57,38,12733
38,57,16236
57,39,13287
39,57,16770
57,40,13697
40,57,17187
57,41,14306
41,57,17751
57,42,14846
42,57,18532
57,43,15425
43,57,19169
57,44,15906
44,57,19648
57,45,16567
45,57,20249
57,46,17073
46,57,21077
57,47,17682
47,57,21635
57,48,21286
48,57,25803
57,49,26217
49,57,27008
57,50,27471
50,57,28077
57,51,28421
51,57,28786
57,52,28686
52,57,29494
57,53,29723
53,57,30221
57,54,30762
54,57,30972
57,55,31757
55,57,31736
57,56,31954
56,57,32322
57,57,32862
58,5,860
5,58,2126
58,6,943
6,58,2469
58,7,1102
7,58,2749
58,8,1243
8,58,2892
58,9,1469
9,58,3302
58,10,1674
10,58,3626
58,11,1933
11,58,3978
58,12,2145
12,58,4311
58,13,2433
13,58,4647
58,14,2784
14,58,4994
58,15,3035
15,58,5405
58,16,3274
16,58,5639
58,17,3625
17,58,6083
58,18,3977
18,58,6461
58,19,4339
19,58,7017
58,20,4648
20,58,7351
58,21,5049
21,58,7787
58,22,5459
22,58,8205
58,23,5851
23,58,8726
58,24,6203
24,58,8997
58,25,6633
25,58,9559
58,26,7086
26,58,9973
58,27,7564
27,58,10574
58,28,7958
28,58,11065
58,29,8453
29,58,11542
58,30,8953
30,58,12009
58,31,9446
31,58,12655
58,32,9835
32,58,13015
58,33,10362
33,58,13612
58,34,10878
34,58,14107
58,35,11519
35,58,14841
58,36,11858
36,58,15345
58,37,12442
37,58,15898
58,38,12998
38,58,16429
58,39,13627
39,58,17225
58,40,13968
40,58,17594
58,41,14586
41,58,18213
58,42,15151
42,58,18765
58,43,15751
43,58,19605
58,44,16240
44,58,20163
58,45,16858
45,58,20749
58,46,17436
46,58,21357
58,47,18052
47,58,22236
58,48,21679
48,58,26466
58,49,26640
49,58,27690
58,50,27868
50,58,28781
58,51,28923
51,58,29529
58,52,29080
52,58,30291
58,53,30175
53,58,31035
58,54,31257
54,58,31771
58,55,32280
55,58,32575
58,56,32477
56,58,33124
58,57,33685
57,58,33981
58,58,34474
59,5,878
5,59,2209
59,6,949
6,59,2462
59,7,1111
7,59,2763
59,8,1270
8,59,2961
59,9,1482
9,59,3438
59,10,1684
10,59,3719
59,11,1944
11,59,4123
59,12,2194
12,59,4429
59,13,2477
13,59,4761
59,14,2754
14,59,5127
59,15,3079
15,59,5575
59,16,3338
16,59,5756
59,17,3679
17,59,6241
59,18,4031
18,59,6642
59,19,4402
19,59,7070
59,20,4733
20,59,7527
59,21,5147
21,59,7948
59,22,5563
22,59,8419
59,23,5982
23,59,8884
59,24,6282
24,59,9231
59,25,6823
25,59,9843
59,26,7199
26,59,10242
59,27,7697
27,59,10722
59,28,8119
28,59,11331
59,29,8600
29,59,11839
59,30,9090
30,59,12349
59,31,9643
31,59,12837
59,32,10020
32,59,13365
59,33,10558
33,59,13962
59,34,11102
34,59,14475
59,35,11662
35,59,14995
59,36,12106
36,59,15754
59,37,12696
37,59,16306
59,38,13258
38,59,16885
59,39,13844
39,59,17437
59,40,14262
40,59,18028
59,41,14861
41,59,18697
59,42,15465
42,59,19273
59,43,16068
43,59,19848
59,44,16575
44,59,20733
59,45,17223
45,59,21332
59,46,17811
46,59,21950
59,47,18458
47,59,22534
59,48,22066
48,59,27154
59,49,27088
49,59,28375
59,50,28321
50,59,29510
59,51,29349
51,59,30240
59,52,29545
52,59,31017
59,53,30697
53,59,31809
59,54,31751
54,59,32523
59,55,32787
55,59,33344
59,56,32999
56,59,33965
59,57,34202
57,59,34773
59,58,35288
58,59,35636
59,59,36189
60,5,868
5,60,2313
60,6,933
6,60,2460
60,7,1145
7,60,2793
60,8,1280
8,60,3112
60,9,1486
9,60,3418
60,10,1738
10,60,3766
60,11,1975
11,60,4102
60,12,2202
12,60,4424
60,13,2515
13,60,4833
60,14,2810
14,60,5216
60,15,3127
15,60,5597
60,16,3364
16,60,5799
60,17,3781
17,60,6391
60,18,4083
18,60,6728
60,19,4476
19,60,7181
60,20,4793
20,60,7565
60,21,5219
21,60,8099
60,22,5624
22,60,8563
60,23,6058
23,60,9052
60,24,6406
24,60,9279
60,25,6866
25,60,10007
60,26,7328
26,60,10414
60,27,7834
27,60,10961
60,28,8232
28,60,11413
60,29,8780
29,60,12033
60,30,9258
30,60,12595
60,31,9800
31,60,13099
60,32,10194
32,60,13468
60,33,10764
33,60,14214
60,34,11295
34,60,14759
60,35,11871
35,60,15316
60,36,12327
36,60,15906
60,37,12944
37,60,16614
60,38,13503
38,60,17201
60,39,14114
39,60,17816
60,40,14525
40,60,18158
60,41,15177
41,60,19083
60,42,15773
42,60,19690
60,43,16404
43,60,20260
60,44,16924
44,60,20907
60,45,17577
45,60,21762
60,46,18211
46,60,22371
60,47,18854
47,60,22990
60,48,22427
48,60,27115
60,49,27480
49,60,28374
60,50,28822
50,60,29479
60,51,29807
51,60,30215
60,52,29962
52,60,30934
60,53,31206
53,60,31749
60,54,32218
54,60,32536
60,55,33314
55,60,33320
60,56,33466
56,60,33923
60,57,34710
57,60,34847
60,58,35871
58,60,35611
60,59,37054
59,60,36454
60,60,36978
61,5,896
5,61,2236
61,6,958
6,61,2603
61,7,1154
7,61,2946
61,8,1306
8,61,3194
61,9,1513
9,61,3488
61,10,1753
10,61,3866
61,11,2004
11,61,4188
61,12,2243
12,61,4573
61,13,2533
13,61,4916
61,14,2838
14,61,5333
61,15,3171
15,61,5743
61,16,3431
16,61,5959
61,17,3782
17,61,6415
61,18,4138
18,61,6909
61,19,4541
19,61,7336
61,20,4878
20,61,7833
61,21,5300
21,61,8233
61,22,5706
22,61,8775
61,23,6163
23,61,9262
61,24,6512
24,61,9537
61,25,6975
25,61,10102
61,26,7466
26,61,10687
61,27,7963
27,61,11192
61,28,8378
28,61,11692
61,29,8921
29,61,12222
61,30,9489
30,61,12893
61,31,9966
31,61,13444
61,32,10375
32,61,13768
61,33,10966
33,61,14410
61,34,11507
34,61,15133
61,35,12088
35,61,15726
61,36,12550
36,61,16294
61,37,13166
37,61,16845
61,38,13763
38,61,17646
61,39,14379
39,61,18245
61,40,14827
40,61,18712
61,41,15465
41,61,19315
61,42,16081
42,61,20178
61,43,16738
43,61,20800
61,44,17245
44,61,21412
61,45,17919
45,61,22031
61,46,18553
46,61,22959
61,47,19244
47,61,23600
61,48,22811
48,61,27867
61,49,27971
49,61,29150
61,50,29236
50,61,30296
61,51,30302
51,61,31080
61,52,30483
52,61,31842
61,53,31641
53,61,32628
61,54,32798
54,61,33441
61,55,33843
55,61,34262
61,56,34024
56,61,34877
61,57,35264
57,61,35734
61,58,36421
58,61,36564
61,59,37524
59,61,37404
61,60,37835
60,61,38362
61,61,38897
62,5,897
5,62,2332
62,6,969
6,62,2657
62,7,1140
7,62,2986
62,8,1294
8,62,3259
62,9,1531
9,62,3562
62,10,1760
10,62,3926
62,11,2044
11,62,4300
62,12,2273
12,62,4754
62,13,2603
13,62,5043
62,14,2874
14,62,5436
62,15,3203
15,62,5889
62,16,3467
16,62,6069
62,17,3842
17,62,6591
62,18,4197
18,62,7023
62,19,4627
19,62,7514
62,20,4965
20,62,7953
62,21,5371
21,62,8437
62,22,5830
22,62,8889
62,23,6260
23,62,9503
62,24,6625
24,62,9780
62,25,7106
25,62,10347
62,26,7565
26,62,10833
62,27,8089
27,62,11468
62,28,8530
28,62,12065
62,29,9051
29,62,12531
62,30,9597
30,62,13162
62,31,10155
31,62,13766
62,32,10616
32,62,14111
62,33,11152
33,62,14793
62,34,11717
34,62,15326
62,35,12321
35,62,16101
62,36,12804
36,62,16673
62,37,13428
37,62,17265
62,38,14018
38,62,17849
62,39,14663
39,62,18747
62,40,15113
40,62,19098
62,41,15755
41,62,19827
62,42,16399
42,62,20404
62,43,17068
43,62,21298
62,44,17588
44,62,21950
62,45,18273
45,62,22617
62,46,18941
46,62,23216
62,47,19619
47,62,24203
62,48,23185
48,62,28541
62,49,28388
49,62,29887
62,50,29693
50,62,31026
62,51,30759
51,62,31824
62,52,30947
52,62,32601
62,53,32107
53,62,33420
62,54,33231
54,62,34299
62,55,34431
55,62,35069
62,56,34533
56,62,35719
62,57,35799
57,62,36600
62,58,36966
58,62,37430
62,59,38171
59,62,38385
62,60,38383
60,62,39288
62,61,39714
61,62,40159
62,62,40746
63,5,901
5,63,2394
63,6,974
6,63,2704
63,7,1187
7,63,3000
63,8,1319
8,63,3214
63,9,1624
9,63,3604
63,10,1780
10,63,4021
63,11,2038
11,63,4367
63,12,2298
12,63,4782
63,13,2593
13,63,5269
63,14,2915
14,63,5580
63,15,3250
15,63,6002
63,16,3527
16,63,6329
63,17,3898
17,63,6738
63,18,4274
18,63,7176
63,19,4673
19,63,7626
63,20,5033
20,63,8170
63,21,5474
21,63,8633
63,22,5905
22,63,9137
63,23,6362
23,63,9608
63,24,6714
24,63,10031
63,25,7202
25,63,10573
63,26,7712
26,63,11130
63,27,8239
27,63,11622
63,28,8679
28,63,12260
63,29,9228
29,63,12901
63,30,9746
30,63,13390
63,31,10315
31,63,13968
63,32,10740
32,63,14467
63,33,11338
33,63,15141
63,34,11891
34,63,15708
63,35,12520
35,63,16294
63,36,13103
36,63,17096
63,37,13672
37,63,17706
63,38,14283
38,63,18304
63,39,14942
39,63,18930
63,40,15396
40,63,19571
63,41,16136
41,63,20292
63,42,16740
42,63,20918
63,43,17384
43,63,21566
63,44,17941
44,63,22496
63,45,18630
45,63,23166
63,46,19312
46,63,23882
63,47,20006
47,63,24481
63,48,23610
48,63,29249
63,49,28826
49,63,30609
63,50,30154
50,63,31778
63,51,31278
51,63,32586
63,52,31402
52,63,33451
63,53,32671
53,63,34218
63,54,33745
54,63,35053
63,55,34888
55,63,35905
63,56,35156
56,63,36569
63,57,36456
57,63,37477
63,58,37616
58,63,38402
63,59,38755
59,63,39256
63,60,38992
60,63,40202
63,61,40179
61,63,41120
63,62,41422
62,63,41896
63,63,42280
64,5,897
5,64,2392
64,6,983
6,64,2703
64,7,1167
7,64,3055
64,8,1329
8,64,3261
64,9,1560
9,64,3708
64,10,1820
10,64,4041
64,11,2077
11,64,4421
64,12,2304
12,64,4795
64,13,2618
13,64,5215
64,14,2932
14,64,5659
64,15,3280
15,64,6150
64,16,3539
16,64,6315
64,17,3932
17,64,6831
64,18,4319
18,64,7282
64,19,4715
19,64,7742
64,20,5069
20,64,8180
64,21,5525
21,64,8768
64,22,5966
22,64,9282
64,23,6443
23,64,9870
64,24,6787
24,64,10052
64,25,7303
25,64,10793
64,26,7805
26,64,11308
64,27,8327
27,64,11825
64,28,8754
28,64,12348
64,29,9325
29,64,13024
64,30,9880
30,64,13655
64,31,10444
31,64,14199
64,32,10869
32,64,14539
64,33,11479
33,64,15375
64,34,12060
34,64,15968
64,35,12684
35,64,16573
64,36,13204
36,64,17150
64,37,13841
37,64,17945
64,38,14475
38,64,18615
64,39,15132
39,64,19248
64,40,15603
40,64,19683
64,41,16304
41,64,20621
64,42,16959
42,64,21299
64,43,17646
43,64,21955
64,44,18198
44,64,22582
64,45,18904
45,64,23556
64,46,19661
46,64,24219
64,47,20302
47,64,24925
64,48,23765
48,64,29198
64,49,29066
49,64,30592
64,50,30501
50,64,31741
64,51,31587
51,64,32561
64,52,31767
52,64,33358
64,53,32987
53,64,34193
64,54,34086
54,64,35068
64,55,35247
55,64,35870
64,56,35529
56,64,36570
64,57,36842
57,64,37516
64,58,38015
58,64,38425
64,59,39247
59,64,39338
64,60,39302
60,64,40146
64,61,40593
61,64,40963
64,62,41841
62,64,41928
64,63,42914
63,64,42605
64,64,42656
65,5,912
5,65,2428
65,6,999
6,65,2800
65,7,1178
7,65,3198
65,8,1345
8,65,3366
65,9,1563
9,65,3745
65,10,1830
10,65,4153
65,11,2081
11,65,4549
65,12,2359
12,65,4929
65,13,2684
13,65,5392
65,14,2989
14,65,5769
65,15,3320
15,65,6231
65,16,3605
16,65,6452
65,17,3973
17,65,6953
65,18,4367
18,65,7509
65,19,4805
19,65,7928
65,20,5153
20,65,8423
65,21,5615
21,65,8907
65,22,6059
22,65,9477
65,23,6548
23,65,10003
65,24,6899
24,65,10318
65,25,7410
25,65,10933
65,26,7909
26,65,11544
65,27,8464
27,65,12113
65,28,8913
28,65,12648
65,29,9477
29,65,13218
65,30,10034
30,65,13937
65,31,10624
31,65,14521
65,32,11065
32,65,14902
65,33,11668
33,65,15586
65,34,12275
34,65,16359
65,35,12910
35,65,16949
65,36,13411
36,65,17588
65,37,14098
37,65,18242
65,38,14725
38,65,19075
65,39,15403
39,65,19725
65,40,15894
40,65,20151
65,41,16599
41,65,20888
65,42,17268
42,65,21816
65,43,17953
43,65,22532
65,44,18526
44,65,23168
65,45,19263
45,65,23832
65,46,19973
46,65,24850
65,47,20696
47,65,25559
65,48,24108
48,65,30000
65,49,29455
49,65,31378
65,50,30893
50,65,32551
65,51,31998
51,65,33473
65,52,32251
52,65,34263
65,53,33466
53,65,35103
65,54,34615
54,65,35976
65,55,35823
55,65,36873
65,56,36058
56,65,37522
65,57,37323
57,65,38473
65,58,38597
58,65,39366
65,59,39701
59,65,40312
65,60,39888
60,65,41081
65,61,41304
61,65,42011
65,62,42485
62,65,42940
65,63,43601
63,65,43698
65,64,43608
64,65,44185
65,65,45098
66,5,901
5,66,2474
66,6,992
6,66,2805
66,7,1183
7,66,3238
66,8,1355
8,66,3434
66,9,1614
9,66,3847
66,10,1843
10,66,4229
66,11,2129
11,66,4662
66,12,2406
12,66,5029
66,13,2704
13,66,5430
66,14,3013
14,66,5863
66,15,3385
15,66,6358
66,16,3657
16,66,6597
66,17,4043
17,66,7123
66,18,4440
18,66,7594
66,19,4875
19,66,8100
66,20,5213
20,66,8619
66,21,5676
21,66,9114
66,22,6147
22,66,9619
66,23,6635
23,66,10233
66,24,6990
24,66,10549
66,25,7538
25,66,11179
66,26,8057
26,66,11721
66,27,8573
27,66,12394
66,28,9059
28,66,12943
66,29,9632
29,66,13560
66,30,10188
30,66,14123
66,31,10801
31,66,14881
66,32,11239
32,66,15265
66,33,11867
33,66,15978
66,34,12478
34,66,16558
66,35,13131
35,66,17355
66,36,13647
36,66,18021
66,37,14335
37,66,18672
66,38,14996
38,66,19333
66,39,15675
39,66,20174
66,40,16191
40,66,20686
66,41,16877
41,66,21417
66,42,17571
42,66,22053
66,43,18295
43,66,22992
66,44,18880
44,66,23727
66,45,19615
45,66,24430
66,46,20348
46,66,25078
66,47,21095
47,66,26147
66,48,24507
48,66,30672
66,49,29903
49,66,32113
66,50,31273
50,66,33355
66,51,32495
51,66,34186
66,52,32665
52,66,35059
66,53,33944
53,66,35933
66,54,35130
54,66,36829
66,55,36399
55,66,37709
66,56,36541
56,66,38475
66,57,37913
57,66,39330
66,58,39118
58,66,40278
66,59,40330
59,66,41093
66,60,40469
60,66,42043
66,61,41862
61,66,42961
66,62,43123
62,66,43964
66,63,44254
63,66,44691
66,64,44288
64,66,45185
66,65,46116
65,66,46576
66,66,47511
67,5,909
5,67,2535
67,6,1012
6,67,2917
67,7,1195
7,67,3234
67,8,1379
8,67,3494
67,9,1619
9,67,3930
67,10,1862
10,67,4317
67,11,2140
11,67,4726
67,12,2404
12,67,5160
67,13,2718
13,67,5616
67,14,3115
14,67,6035
67,15,3437
15,67,6487
67,16,3713
16,67,6751
67,17,4099
17,67,7271
67,18,4509
18,67,7777
67,19,4945
19,67,8248
67,20,5305
20,67,8807
67,21,5787
21,67,9341
67,22,6218
22,67,9875
67,23,6719
23,67,10398
67,24,7114
24,67,10822
67,25,7640
25,67,11422
67,26,8169
26,67,11974
67,27,8752
27,67,12547
67,28,9176
28,67,13246
67,29,9791
29,67,13846
67,30,10377
30,67,14466
67,31,10983
31,67,15077
67,32,11427
32,67,15590
67,33,12091
33,67,16350
67,34,12697
34,67,16937
67,35,13351
35,67,17607
67,36,13885
36,67,18443
67,37,14571
37,67,19180
67,38,15233
38,67,19775
67,39,15944
39,67,20453
67,40,16453
40,67,21103
67,41,17186
41,67,21917
67,42,17899
42,67,22604
67,43,18614
43,67,23274
67,44,19209
44,67,24281
67,45,19993
45,67,25030
67,46,20735
46,67,25740
67,47,21480
47,67,26455
67,48,24885
48,67,31403
67,49,30347
49,67,32835
67,50,31744
50,67,34118
67,51,32861
51,67,34957
67,52,33152
52,67,35848
67,53,34396
53,67,36763
67,54,35661
54,67,37620
67,55,36852
55,67,38628
67,56,37126
56,67,39324
67,57,38508
57,67,40257
67,58,39569
58,67,41051
67,59,40843
59,67,41991
67,60,41137
60,67,42944
67,61,42496
61,67,43954
67,62,43772
62,67,44897
67,63,44937
63,67,45687
67,64,44967
64,67,46153
67,65,46781
65,67,47590
67,66,48509
66,67,49056
67,67,49521
68,5,923
5,68,2564
68,6,1041
6,68,3019
68,7,1221
7,68,3371
68,8,1388
8,68,3469
68,9,1641
9,68,3992
68,10,1888
10,68,4360
68,11,2153
11,68,4771
68,12,2433
12,68,5179
68,13,2770
13,68,5638
68,14,3099
14,68,6111
68,15,3471
15,68,6582
68,16,3764
16,68,6876
68,17,4151
17,68,7397
68,18,4583
18,68,7880
68,19,5001
19,68,8374
68,20,5374
20,68,8857
68,21,5872
21,68,9539
68,22,6345
22,68,10075
68,23,6823
23,68,10549
68,24,7222
24,68,10866
68,25,7758
25,68,11699
68,26,8285
26,68,12194
68,27,8948
27,68,12757
68,28,9337
28,68,13329
68,29,10017
29,68,14056
68,30,10527
30,68,14695
68,31,11149
31,68,15333
68,32,11612
32,68,15686
68,33,12250
33,68,16629
68,34,12888
34,68,17254
68,35,13574
35,68,17871
68,36,14126
36,68,18535
68,37,14820
37,68,19409
68,38,15488
38,68,20097
68,39,16213
39,68,20812
68,40,16719
40,68,21240
68,41,17492
41,68,22293
68,42,18199
42,68,22991
68,43,18935
43,68,23710
68,44,19555
44,68,24411
68,45,20357
45,68,25452
68,46,21095
46,68,26206
68,47,21879
47,68,26966
68,48,25272
48,68,31387
68,49,30789
49,68,32819
68,50,32139
50,68,34101
68,51,33334
51,68,34945
68,52,33533
52,68,35867
68,53,34954
53,68,36726
68,54,36129
54,68,37751
68,55,37393
55,68,38611
68,56,37616
56,68,39288
68,57,38851
57,68,40053
68,58,40193
58,68,41032
68,59,41415
59,68,41972
68,60,41646
60,68,42879
68,61,43144
61,68,43960
68,62,44476
62,68,44911
68,63,45615
63,68,45679
68,64,45617
64,68,46195
68,65,47497
65,68,47693
68,66,49269
66,68,49112
68,67,50532
67,68,50135
68,68,50552
69,5,929
5,69,2750
69,6,1026
6,69,3019
69,7,1215
7,69,3360
69,8,1418
8,69,3691
69,9,1655
9,69,4040
69,10,1893
10,69,4471
69,11,2207
11,69,4873
69,12,2456
12,69,5323
69,13,2798
13,69,5769
69,14,3141
14,69,6243
69,15,3511
15,69,6722
69,16,3795
16,69,6972
69,17,4234
17,69,7512
69,18,4637
18,69,8056
69,19,5107
19,69,8573
69,20,5448
20,69,9116
69,21,5935
21,69,9636
69,22,6425
22,69,10224
69,23,6921
23,69,10788
69,24,7326
24,69,11126
69,25,7956
25,69,11786
69,26,8417
26,69,12529
69,27,9057
27,69,13038
69,28,9483
28,69,13652
69,29,10104
29,69,14332
69,30,10689
30,69,15025
69,31,11319
31,69,15761
69,32,11797
32,69,16142
69,33,12478
33,69,16816
69,34,13106
34,69,17650
69,35,13789
35,69,18314
69,36,14363
36,69,19055
69,37,15090
37,69,19683
69,38,15760
38,69,20590
69,39,16477
39,69,21315
69,40,17048
40,69,21776
69,41,17777
41,69,22563
69,42,18495
42,69,23546
69,43,19262
43,69,24279
69,44,19911
44,69,25001
69,45,20697
45,69,25758
69,46,21461
46,69,26830
69,47,22259
47,69,27582
69,48,25696
48,69,32186
69,49,31230
49,69,33709
69,50,32634
50,69,34930
69,51,33805
51,69,35832
69,52,34093
52,69,36748
69,53,35370
53,69,37627
69,54,36689
54,69,38643
69,55,37906
55,69,39615
69,56,38066
56,69,40263
69,57,39422
57,69,41059
69,58,40642
58,69,42016
69,59,41949
59,69,42999
69,60,42300
60,69,43989
69,61,43742
61,69,45002
69,62,45097
62,69,46041
69,63,46282
63,69,46831
69,64,46322
64,69,47291
69,65,48196
65,69,48782
69,66,49967
66,69,50294
69,67,51313
67,69,51282
69,68,51571
68,69,52301
69,69,52732
70,5,915
5,70,2797
70,6,1024
6,70,3075
70,7,1236
7,70,3546
70,8,1467
8,70,3730
70,9,1674
9,70,4079
70,10,1933
10,70,4538
70,11,2219
11,70,5010
70,12,2479
12,70,5411
70,13,2834
13,70,5876
70,14,3181
14,70,6357
70,15,3550
15,70,6866
70,16,3868
16,70,7116
70,17,4268
17,70,7673
70,18,4680
18,70,8228
70,19,5130
19,70,8757
70,20,5521
20,70,9301
70,21,6102
21,70,9835
70,22,6511
22,70,10393
70,23,7053
23,70,11031
70,24,7427
24,70,11352
70,25,7999
25,70,12036
70,26,8604
26,70,12641
70,27,9107
27,70,13329
70,28,9619
28,70,13966
70,29,10248
29,70,14613
70,30,10856
30,70,15227
70,31,11502
31,70,16021
70,32,11976
32,70,16410
70,33,12648
33,70,17222
70,34,13308
34,70,17837
70,35,13995
35,70,18704
70,36,14587
36,70,19410
70,37,15314
37,70,20132
70,38,16001
38,70,20830
70,39,16810
39,70,21770
70,40,17308
40,70,22241
70,41,18075
41,70,23091
70,42,18833
42,70,23798
70,43,19607
43,70,24808
70,44,20251
44,70,25569
70,45,21051
45,70,26346
70,46,21827
46,70,27123
70,47,22680
47,70,28187
70,48,26089
48,70,32924
70,49,31682
49,70,34388
70,50,33078
50,70,35747
70,51,34317
51,70,36625
70,52,34587
52,70,37539
70,53,35879
53,70,38581
70,54,37122
54,70,39507
70,55,38343
55,70,40480
70,56,38580
56,70,40978
70,57,39936
57,70,41951
70,58,41277
58,70,42876
70,59,42546
59,70,43884
70,60,42793
60,70,44927
70,61,44288
61,70,45982
70,62,45704
62,70,47010
70,63,46970
63,70,47864
70,64,47026
64,70,48353
70,65,48915
65,70,49806
70,66,50715
66,70,51316
70,67,52060
67,70,52384
70,68,52300
68,70,53433
70,69,53865
69,70,54526
70,70,55027
71,5,962
5,71,2729
71,6,1040
6,71,3094
71,7,1231
7,71,3523
71,8,1435
8,71,3790
71,9,1687
9,71,4216
71,10,1949
10,71,4674
71,11,2246
11,71,5068
71,12,2537
12,71,5535
71,13,2859
13,71,6095
71,14,3291
14,71,6500
71,15,3599
15,71,6993
71,16,3891
16,71,7281
71,17,4336
17,71,7894
71,18,4740
18,71,8376
71,19,5195
19,71,8878
71,20,5617
20,71,9510
71,21,6110
21,71,10057
71,22,6594
22,71,10621
71,23,7121
23,71,11219
71,24,7524
24,71,11642
71,25,8106
25,71,12313
71,26,8662
26,71,12975
71,27,9265
27,71,13515
71,28,9757
28,71,14298
71,29,10400
29,71,14929
71,30,11023
30,71,15583
71,31,11672
31,71,16240
71,32,12154
32,71,16798
71,33,12854
33,71,17575
71,34,13517
34,71,18261
71,35,14234
35,71,18929
71,36,14802
36,71,19828
71,37,15547
37,71,20554
71,38,16293
38,71,21286
71,39,17032
39,71,22008
71,40,17608
40,71,22711
71,41,18385
41,71,23607
71,42,19138
42,71,24352
71,43,19949
43,71,25093
71,44,20582
44,71,26145
71,45,21410
45,71,26950
71,46,22228
46,71,27757
71,47,23055
47,71,28520
71,48,26445
48,71,33602
71,49,32111
49,71,35151
71,50,33579
50,71,36475
71,51,34814
51,71,37387
71,52,35036
52,71,38481
71,53,36402
53,71,39392
71,54,37500
54,71,40358
71,55,38768
55,71,41157
71,56,39094
56,71,41820
71,57,40530
57,71,42809
71,58,41846
58,71,43840
71,59,43124
59,71,44845
71,60,43415
60,71,45915
71,61,44932
61,71,46942
71,62,46257
62,71,48008
71,63,47471
63,71,48818
71,64,47694
64,71,49360
71,65,49634
65,71,50885
71,66,51415
66,71,52417
71,67,52839
67,71,53434
71,68,53095
68,71,54596
71,69,54619
69,71,55668
71,70,56092
70,71,56765
71,71,57187
72,5,951
5,72,2783
72,6,1085
6,72,3100
72,7,1256
7,72,3574
72,8,1441
8,72,3771
72,9,1695
9,72,4267
72,10,1948
10,72,4695
72,11,2278
11,72,5182
72,12,2550
12,72,5567
72,13,2967
13,72,6066
72,14,3235
14,72,6649
72,15,3640
15,72,7044
72,16,3947
16,72,7370
72,17,4376
17,72,7935
72,18,4790
18,72,8486
72,19,5334
19,72,8997
72,20,5664
20,72,9511
72,21,6167
21,72,10182
72,22,6673
22,72,10757
72,23,7206
23,72,11395
72,24,7604
24,72,11722
72,25,8201
25,72,12474
72,26,8742
26,72,13075
72,27,9360
27,72,13719
72,28,9879
28,72,14321
72,29,10508
29,72,15133
72,30,11128
30,72,15778
72,31,11799
31,72,16494
72,32,12305
32,72,16851
72,33,13015
33,72,17852
72,34,13668
34,72,18519
72,35,14390
35,72,19231
72,36,14979
36,72,19910
72,37,15762
37,72,20868
72,38,16483
38,72,21600
72,39,17257
39,72,22370
72,40,17782
40,72,22845
72,41,18616
41,72,23946
72,42,19394
42,72,24696
72,43,20180
43,72,25504
72,44,20863
44,72,26243
72,45,21708
45,72,27333
72,46,22506
46,72,28152
72,47,23341
47,72,28999
72,48,26593
48,72,33599
72,49,32381
49,72,35179
72,50,33919
50,72,36472
72,51,35129
51,72,37396
72,52,35394
52,72,38401
72,53,36681
53,72,39360
72,54,37892
54,72,40137
72,55,39125
55,72,41142
72,56,39422
56,72,41811
72,57,40887
57,72,42867
72,58,42222
58,72,43825
72,59,43566
59,72,44895
72,60,43860
60,72,45876
72,61,45335
61,72,46992
72,62,46725
62,72,48036
72,63,47938
63,72,48860
72,64,48014
64,72,49361
72,65,49974
65,72,51000
72,66,51914
66,72,52468
72,67,53326
67,72,53567
72,68,53586
68,72,54580
72,69,55172
69,72,55786
72,70,56566
70,72,56913
72,71,58081
71,72,57953
72,72,58054
73,5,965
5,73,2858
73,6,1067
6,73,3209
73,7,1263
7,73,3661
73,8,1461
8,73,3873
73,9,1700
9,73,4324
73,10,1987
10,73,4824
73,11,2320
11,73,5246
73,12,2567
12,73,5708
73,13,2925
13,73,6154
73,14,3287
14,73,6706
73,15,3694
15,73,7201
73,16,3981
16,73,7478
73,17,4417
17,73,8062
73,18,4851
18,73,8651
73,19,5319
19,73,9186
73,20,5730
20,73,9770
73,21,6268
21,73,10336
73,22,6762
22,73,11009
73,23,7314
23,73,11615
73,24,7720
24,73,11950
73,25,8296
25,73,12649
73,26,8865
26,73,13372
73,27,9491
27,73,14034
73,28,10019
28,73,14677
73,29,10687
29,73,15332
73,30,11311
30,73,16151
73,31,11975
31,73,16833
73,32,12494
32,73,17279
73,33,13186
33,73,18052
73,34,13870
34,73,18933
73,35,14613
35,73,19658
73,36,15206
36,73,20378
73,37,15985
37,73,21116
73,38,16734
38,73,22124
73,39,17502
39,73,22866
73,40,18080
40,73,23379
73,41,18888
41,73,24231
73,42,19671
42,73,25285
73,43,20493
43,73,26050
73,44,21168
44,73,26869
73,45,22045
45,73,27671
73,46,22879
46,73,28799
73,47,23740
47,73,29635
73,48,27008
48,73,34444
73,49,32754
49,73,35998
73,50,34279
50,73,37337
73,51,35495
51,73,38415
73,52,35856
52,73,39348
73,53,37116
53,73,40327
73,54,38393
54,73,41100
73,55,39675
55,73,42075
73,56,39942
56,73,42779
73,57,41382
57,73,43814
73,58,42817
58,73,44865
73,59,44142
59,73,45887
73,60,44468
60,73,46956
73,61,45956
61,73,48005
73,62,47396
62,73,49111
73,63,48578
63,73,49957
73,64,48686
64,73,50569
73,65,50630
65,73,52046
73,66,52510
66,73,53672
73,67,53972
67,73,54777
73,68,54354
68,73,55880
73,69,55926
69,73,56924
73,70,57424
70,73,58164
73,71,58868
71,73,59284
73,72,59208
72,73,60135
73,73,60511
74,5,952
5,74,2943
74,6,1073
6,74,3297
74,7,1264
7,74,3720
74,8,1467
8,74,3952
74,9,1730
9,74,4422
74,10,2013
10,74,4901
74,11,2323
11,74,5365
74,12,2592
12,74,5820
74,13,2954
13,74,6367
74,14,3322
14,74,6810
74,15,3695
15,74,7399
74,16,4035
16,74,7659
74,17,4473
17,74,8327
74,18,4926
18,74,8757
74,19,5387
19,74,9391
74,20,5826
20,74,10030
74,21,6407
21,74,10623
74,22,6832
22,74,11157
74,23,7387
23,74,11864
74,24,7822
24,74,12187
74,25,8435
25,74,12925
74,26,9009
26,74,13547
74,27,9633
27,74,14306
74,28,10162
28,74,14988
74,29,10814
29,74,15660
74,30,11455
30,74,16370
74,31,12141
31,74,17198
74,32,12652
32,74,17629
74,33,13394
33,74,18448
74,34,14081
34,74,19163
74,35,14827
35,74,20072
74,36,15458
36,74,20846
74,37,16200
37,74,21597
74,38,16981
38,74,22332
74,39,17786
39,74,23347
74,40,18360
40,74,23834
74,41,19180
41,74,24788
74,42,19984
42,74,25543
74,43,20845
43,74,26619
74,44,21546
44,74,27463
74,45,22408
45,74,28258
74,46,23253
46,74,29110
74,47,24123
47,74,30270
74,48,27409
48,74,35207
74,49,33210
49,74,36760
74,50,34676
50,74,38229
74,51,35985
51,74,39187
74,52,36215
52,74,40178
74,53,37562
53,74,40957
74,54,38932
54,74,41933
74,55,40173
55,74,42952
74,56,40468
56,74,43677
74,57,41971
57,74,44727
74,58,43325
58,74,45798
74,59,44749
59,74,46869
74,60,45063
60,74,47939
74,61,46619
61,74,49047
74,62,47989
62,74,50132
74,63,49258
63,74,51009
74,64,49372
64,74,51575
74,65,51293
65,74,53145
74,66,53230
66,74,54711
74,67,54677
67,74,55895
74,68,54975
68,74,56978
74,69,56612
69,74,58156
74,70,58220
70,74,59301
74,71,59753
71,74,60516
74,72,60015
72,74,61444
74,73,61728
73,74,62549
74,74,62943
75,5,962
5,75,2971
75,6,1058
6,75,3406
75,7,1287
7,75,3779
75,8,1477
8,75,4048
75,9,1737
9,75,4508
75,10,2013
10,75,4994
75,11,2351
11,75,5524
75,12,2633
12,75,6007
75,13,3018
13,75,6517
75,14,3365
14,75,6968
75,15,3758
15,75,7510
75,16,4088
16,75,7757
75,17,4596
17,75,8487
75,18,4985
18,75,8964
75,19,5530
19,75,9545
75,20,5874
20,75,10168
75,21,6421
21,75,10797
75,22,6938
22,75,11412
75,23,7509
23,75,12048
75,24,7931
24,75,12464
75,25,8539
25,75,13203
75,26,9116
26,75,13844
75,27,9773
27,75,14561
75,28,10270
28,75,15290
75,29,10963
29,75,16018
75,30,11627
30,75,16723
75,31,12308
31,75,17403
75,32,12847
32,75,17989
75,33,13575
33,75,18831
75,34,14296
34,75,19588
75,35,15046
35,75,20314
75,36,15684
36,75,21254
75,37,16466
37,75,22058
75,38,17230
38,75,22830
75,39,18059
39,75,23641
75,40,18640
40,75,24405
75,41,19483
41,75,25289
75,42,20307
42,75,26101
75,43,21176
43,75,26906
75,44,21883
44,75,28006
75,45,22782
45,75,28896
75,46,23623
46,75,29764
75,47,24576
47,75,30579
75,48,27793
48,75,35918
75,49,33647
49,75,37494
75,50,35098
50,75,39051
75,51,36284
51,75,39986
75,52,36675
52,75,40798
75,53,38035
53,75,41815
75,54,39361
54,75,42785
75,55,40660
55,75,43865
75,56,41035
56,75,44609
75,57,42530
57,75,45677
75,58,43867
58,75,46679
75,59,45278
59,75,47768
75,60,45724
60,75,48946
75,61,47198
61,75,50016
75,62,48643
62,75,51163
75,63,49931
63,75,52029
75,64,50050
64,75,52619
75,65,52012
65,75,54207
75,66,53873
66,75,55839
75,67,55322
67,75,56962
75,68,55746
68,75,58167
75,69,57398
69,75,59290
75,70,58924
70,75,60494
75,71,60466
71,75,61641
75,72,60927
72,75,62668
75,73,62630
73,75,63832
75,74,64166
74,75,65100
75,75,65400
76,5,978
5,76,2937
76,6,1095
6,76,3341
76,7,1303
7,76,3793
76,8,1489
8,76,4013
76,9,1762
9,76,4564
76,10,2049
10,76,5054
76,11,2367
11,76,5515
76,12,2652
12,76,5959
76,13,3031
13,76,6525
76,14,3402
14,76,7053
76,15,3808
15,76,7582
76,16,4150
16,76,7844
76,17,4593
17,76,8518
76,18,5033
18,76,9094
76,19,5532
19,76,9664
76,20,5942
20,76,10235
76,21,6501
21,76,10930
76,22,7015
22,76,11559
76,23,7605
23,76,12218
76,24,8044
24,76,12536
76,25,8660
25,76,13390
76,26,9254
26,76,14066
76,27,9960
27,76,14739
76,28,10432
28,76,15406
76,29,11133
29,76,16238
76,30,11783
30,76,16949
76,31,12499
31,76,17676
76,32,13031
32,76,18087
76,33,13771
33,76,19127
76,34,14496
34,76,19867
76,35,15284
35,76,20677
76,36,15902
36,76,21397
76,37,16727
37,76,22366
76,38,17494
38,76,23197
76,39,18334
39,76,24009
76,40,18912
40,76,24542
76,41,19798
41,76,25693
76,42,20649
42,76,26511
76,43,21505
43,76,27349
76,44,22209
44,76,28165
76,45,23115
45,76,29357
76,46,24034
46,76,30244
76,47,24956
47,76,31155
76,48,28183
48,76,35878
76,49,34095
49,76,37599
76,50,35510
50,76,39016
76,51,36718
51,76,39989
76,52,37066
52,76,40775
76,53,38526
53,76,41779
76,54,39844
54,76,42775
76,55,41202
55,76,43840
76,56,41473
56,76,44560
76,57,43018
57,76,45686
76,58,44466
58,76,46773
76,59,45903
59,76,47808
76,60,46205
60,76,48878
76,61,47827
61,76,50078
76,62,49287
62,76,51184
76,63,50634
63,76,52037
76,64,50731
64,76,52649
76,65,52674
65,76,54312
76,66,54618
66,76,55891
76,67,56085
67,76,56999
76,68,56442
68,76,58160
76,69,58196
69,76,59452
76,70,59705
70,76,60653
76,71,61307
71,76,61747
76,72,61652
72,76,62686
76,73,63364
73,76,63994
76,74,65078
74,76,65193
76,75,66670
75,76,66415
76,76,66680
77,5,979
5,77,3054
77,6,1101
6,77,3443
77,7,1323
7,77,3927
77,8,1501
8,77,4238
77,9,1780
9,77,4623
77,10,2086
10,77,5150
77,11,2454
11,77,5650
77,12,2687
12,77,6117
77,13,3080
13,77,6614
77,14,3442
14,77,7210
77,15,3837
15,77,7831
77,16,4182
16,77,8014
77,17,4643
17,77,8643
77,18,5113
18,77,9268
77,19,5599
19,77,9889
77,20,6019
20,77,10476
77,21,6572
21,77,11104
77,22,7121
22,77,11830
77,23,7717
23,77,12466
77,24,8139
24,77,12794
77,25,8770
25,77,13602
77,26,9367
26,77,14370
77,27,10018
27,77,15056
77,28,10579
28,77,15760
77,29,11278
29,77,16432
77,30,11963
30,77,17337
77,31,12661
31,77,18064
77,32,13224
32,77,18494
77,33,13960
33,77,19369
77,34,14718
34,77,20274
77,35,15506
35,77,21102
77,36,16135
36,77,21881
77,37,16974
37,77,22632
77,38,17754
38,77,23749
77,39,18600
39,77,24577
77,40,19216
40,77,25048
77,41,20087
41,77,25992
77,42,20944
42,77,27058
77,43,21839
43,77,27931
77,44,22578
44,77,28814
77,45,23489
45,77,29697
77,46,24418
46,77,30891
77,47,25346
47,77,31878
77,48,28549
48,77,36730
77,49,34516
49,77,38490
77,50,35954
50,77,39954
77,51,37266
51,77,40686
77,52,37533
52,77,41740
77,53,38988
53,77,42712
77,54,40402
54,77,43764
77,55,41730
55,77,44765
77,56,42061
56,77,45593
77,57,43568
57,77,46654
77,58,45004
58,77,47737
77,59,46425
59,77,48912
77,60,46862
60,77,49973
77,61,48412
61,77,51151
77,62,49991
62,77,52316
77,63,51305
63,77,53201
77,64,51435
64,77,53795
77,65,53408
65,77,55406
77,66,55375
66,77,57141
77,67,56870
67,77,58309
77,68,57243
68,77,59462
77,69,58891
69,77,60650
77,70,60502
70,77,61894
77,71,62137
71,77,63094
77,72,62495
72,77,64024
77,73,64250
73,77,65243
77,74,65808
74,77,66612
77,75,67459
75,77,67829
77,76,67963
76,77,69158
77,77,69401
78,5,971
5,78,3057
78,6,1089
6,78,3520
78,7,1314
7,78,3973
78,8,1526
8,78,4248
78,9,1786
9,78,4745
78,10,2079
10,78,5294
78,11,2416
11,78,5737
78,12,2716
12,78,6233
78,13,3093
13,78,6762
78,14,3460
14,78,7321
78,15,3882
15,78,7995
78,16,4219
16,78,8157
78,17,4695
17,78,8825
78,18,5226
18,78,9405
78,19,5674
19,78,10089
78,20,6100
20,78,10754
78,21,6660
21,78,11323
78,22,7243
22,78,12027
78,23,7779
23,78,12737
78,24,8227
24,78,13078
78,25,8879
25,78,13833
78,26,9492
26,78,14543
78,27,10167
27,78,15341
78,28,10726
28,78,16070
78,29,11448
29,78,16805
78,30,12128
30,78,17522
78,31,12919
31,78,18425
78,32,13393
32,78,18861
78,33,14163
33,78,19776
78,34,14922
34,78,20506
78,35,15702
35,78,21511
78,36,16364
36,78,22321
78,37,17230
37,78,23134
78,38,18008
38,78,23958
78,39,18867
39,78,25024
78,40,19523
40,78,25551
78,41,20387
41,78,26525
78,42,21245
42,78,27370
78,43,22165
43,78,28521
78,44,22921
44,78,29400
78,45,23876
45,78,30326
78,46,24786
46,78,31212
78,47,25728
47,78,32422
78,48,28905
48,78,37614
78,49,34830
49,78,39259
78,50,36414
50,78,40491
78,51,37674
51,78,41515
78,52,37999
52,78,42525
78,53,39456
53,78,43603
78,54,40837
54,78,44643
78,55,42267
55,78,45732
78,56,42605
56,78,46468
78,57,44159
57,78,47597
78,58,45533
58,78,48687
78,59,47028
59,78,49830
78,60,47343
60,78,50982
78,61,48955
61,78,52128
78,62,50602
62,78,53295
78,63,51953
63,78,54304
78,64,52133
64,78,54846
78,65,54144
65,78,56538
78,66,56073
66,78,58156
78,67,57598
67,78,59474
78,68,57987
68,78,60630
78,69,59680
69,78,61864
78,70,61290
70,78,63086
78,71,62966
71,78,64409
78,72,63377
72,78,65287
78,73,65097
73,78,66550
78,74,66722
74,78,67848
78,75,68358
75,78,69221
78,76,68789
76,78,70539
78,77,70607
77,78,71864
78,78,72134
79,5,998
5,79,3170
79,6,1124
6,79,3616
79,7,1331
7,79,4083
79,8,1545
8,79,4335
79,9,1819
9,79,4866
79,10,2116
10,79,5364
79,11,2445
11,79,5849
79,12,2742
12,79,6368
79,13,3127
13,79,6907
79,14,3563
14,79,7476
79,15,3936
15,79,8041
79,16,4271
16,79,8393
79,17,4739
17,79,9024
79,18,5224
18,79,9641
79,19,5817
19,79,10204
79,20,6184
20,79,10922
79,21,6740
21,79,11559
79,22,7307
22,79,12219
79,23,7911
23,79,12928
79,24,8336
24,79,13333
79,25,9001
25,79,14145
79,26,9629
26,79,14856
79,27,10296
27,79,15534
79,28,10869
28,79,16398
79,29,11566
29,79,17146
79,30,12295
30,79,17901
79,31,13028
31,79,18659
79,32,13561
32,79,19310
79,33,14385
33,79,20263
79,34,15142
34,79,20951
79,35,15930
35,79,21802
79,36,16597
36,79,22756
79,37,17461
37,79,23649
79,38,18288
38,79,24454
79,39,19139
39,79,25294
79,40,19774
40,79,26051
79,41,20695
41,79,27060
79,42,21581
42,79,27948
79,43,22491
43,79,28855
79,44,23280
44,79,30022
79,45,24233
45,79,30957
79,46,25152
46,79,31877
79,47,26117
47,79,32800
79,48,29229
48,79,38307
79,49,35276
49,79,39988
79,50,36856
50,79,41293
79,51,38141
51,79,42321
79,52,38461
52,79,43369
79,53,39932
53,79,44425
79,54,41324
54,79,45485
79,55,42744
55,79,46608
79,56,43113
56,79,47415
79,57,44697
57,79,48509
79,58,46130
58,79,49615
79,59,47641
59,79,50819
79,60,47994
60,79,52025
79,61,49587
61,79,53173
79,62,51139
62,79,54347
79,63,52450
63,79,55338
79,64,52781
64,79,55916
79,65,54818
65,79,57607
79,66,56843
66,79,59352
79,67,58374
67,79,60532
79,68,58748
68,79,61822
79,69,60451
69,79,63052
79,70,62056
70,79,64304
79,71,63692
71,79,65550
79,72,64188
72,79,66581
79,73,65967
73,79,67836
79,74,67620
74,79,69134
79,75,69311
75,79,70555
79,76,69747
76,79,71969
79,77,71621
77,79,73318
79,78,73338
78,79,74710
79,79,74515
80,5,989
5,80,3189
80,6,1140
6,80,3590
80,7,1340
7,80,4094
80,8,1538
8,80,4328
80,9,1820
9,80,4957
80,10,2131
10,80,5399
80,11,2466
11,80,5962
80,12,2755
12,80,6399
80,13,3141
13,80,7053
80,14,3518
14,80,7535
80,15,3963
15,80,8117
80,16,4306
16,80,8390
80,17,4805
17,80,9219
80,18,5351
18,80,9735
80,19,5786
19,80,10331
80,20,6248
20,80,10941
80,21,6792
21,80,11700
80,22,7361
22,80,12359
80,23,7969
23,80,13081
80,24,8442
24,80,13395
80,25,9084
25,80,14314
80,26,9702
26,80,15032
80,27,10395
27,80,15759
80,28,10982
28,80,16457
80,29,11691
29,80,17324
80,30,12404
30,80,18120
80,31,13160
31,80,18907
80,32,13714
32,80,19444
80,33,14519
33,80,20430
80,34,15288
34,80,21225
80,35,16170
35,80,22101
80,36,16769
36,80,22840
80,37,17649
37,80,23883
80,38,18478
38,80,24770
80,39,19343
39,80,25652
80,40,20012
40,80,26189
80,41,20929
41,80,27455
80,42,21813
42,80,28337
80,43,22739
43,80,29252
80,44,23520
44,80,30112
80,45,24517
45,80,31369
80,46,25447
46,80,32310
80,47,26406
47,80,33388
80,48,29411
48,80,38324
80,49,35543
49,80,39851
80,50,37191
50,80,41276
80,51,38560
51,80,42335
80,52,38837
52,80,43348
80,53,40352
53,80,44438
80,54,41667
54,80,45480
80,55,43122
55,80,46632
80,56,43476
56,80,47354
80,57,45086
57,80,48560
80,58,46569
58,80,49699
80,59,48083
59,80,50838
80,60,48403
60,80,51982
80,61,50047
61,80,53211
80,62,51506
62,80,54415
80,63,52904
63,80,55362
80,64,53089
64,80,55931
80,65,55254
65,80,57750
80,66,57284
66,80,59466
80,67,58895
67,80,60633
80,68,59255
68,80,61776
80,69,61015
69,80,63154
80,70,62622
70,80,64395
80,71,64244
71,80,65691
80,72,64652
72,80,66575
80,73,66565
73,80,68034
80,74,68298
74,80,69366
80,75,69967
75,80,70649
80,76,70362
76,80,71925
80,77,72264
77,80,73448
80,78,73988
78,80,74850
80,79,75526
79,80,75858
80,80,75269
81,5,1016
5,81,3310
81,6,1126
6,81,3696
81,7,1352
7,81,4221
81,8,1568
8,81,4438
81,9,1857
9,81,5001
81,10,2142
10,81,5510
81,11,2489
11,81,6023
81,12,2797
12,81,6619
81,13,3178
13,81,7084
81,14,3587
14,81,7696
81,15,4028
15,81,8314
81,16,4364
16,81,8566
81,17,4851
17,81,9250
81,18,5327
18,81,9901
81,19,5862
19,81,10554
81,20,6312
20,81,11186
81,21,6900
21,81,11854
81,22,7458
22,81,12613
81,23,8158
23,81,13303
81,24,8541
24,81,13752
81,25,9252
25,81,14521
81,26,9821
26,81,15328
81,27,10537
27,81,16080
81,28,11116
28,81,16814
81,29,11839
29,81,17563
81,30,12574
30,81,18498
81,31,13313
31,81,19330
81,32,13909
32,81,19750
81,33,14772
33,81,20677
81,34,15500
34,81,21660
81,35,16312
35,81,22493
81,36,17007
36,81,23327
81,37,17883
37,81,24186
81,38,18722
38,81,25274
81,39,19625
39,81,26174
81,40,20282
40,81,26732
81,41,21219
41,81,27739
81,42,22114
42,81,28911
81,43,23089
43,81,29830
81,44,23865
44,81,30768
81,45,24865
45,81,31734
81,46,25813
46,81,33095
81,47,26718
47,81,34039
81,48,29779
48,81,39173
81,49,35931
49,81,40667
81,50,37584
50,81,42156
81,51,38886
51,81,43231
81,52,39319
52,81,44293
81,53,40812
53,81,45404
81,54,42196
54,81,46485
81,55,43608
55,81,47630
81,56,43992
56,81,48389
81,57,45564
57,81,49543
81,58,47128
58,81,50769
81,59,48595
59,81,51901
81,60,49001
60,81,53094
81,61,50666
61,81,54287
81,62,52230
62,81,55590
81,63,53574
63,81,56559
81,64,53708
64,81,57112
81,65,55816
65,81,58870
81,66,57888
66,81,60669
81,67,59530
67,81,61871
81,68,60057
68,81,63137
81,69,61769
69,81,64405
81,70,63425
70,81,65737
81,71,65081
71,81,67038
81,72,65545
72,81,67963
81,73,67328
73,81,69347
81,74,69110
74,81,70798
81,75,70804
75,81,72114
81,76,71309
76,81,73487
81,77,73206
77,81,74862
81,78,74985
78,81,76416
81,79,76525
79,81,77481
81,80,76706
80,81,78140
81,81,78787
82,5,1016
5,82,3446
82,6,1140
6,82,3737
82,7,1381
7,82,4284
82,8,1578
8,82,4547
82,9,1876
9,82,5065
82,10,2179
10,82,5612
82,11,2525
11,82,6159
82,12,2808
12,82,6662
82,13,3229
13,82,7262
82,14,3625
14,82,7815
82,15,4058
15,82,8481
82,16,4417
16,82,8742
82,17,4886
17,82,9424
82,18,5405
18,82,10132
82,19,5955
19,82,10752
82,20,6385
20,82,11418
82,21,6960
21,82,12087
82,22,7551
22,82,12791
82,23,8155
23,82,13582
82,24,8651
24,82,13968
82,25,9314
25,82,14830
82,26,9947
26,82,15521
82,27,10668
27,82,16387
82,28,11268
28,82,17145
82,29,12012
29,82,17930
82,30,12710
30,82,18749
82,31,13488
31,82,19676
82,32,14074
32,82,20123
82,33,14900
33,82,21120
82,34,15704
34,82,21917
82,35,16521
35,82,22947
82,36,17241
36,82,23865
82,37,18123
37,82,24668
82,38,18980
38,82,25539
82,39,19891
39,82,26699
82,40,20571
40,82,27237
82,41,21504
41,82,28340
82,42,22450
42,82,29214
82,43,23409
43,82,30432
82,44,24222
44,82,31415
82,45,25237
45,82,32388
82,46,26093
46,82,33438
82,47,27123
47,82,34718
82,48,30173
48,82,39691
82,49,36335
49,82,41450
82,50,37936
50,82,42954
82,51,39413
51,82,44039
82,52,39758
52,82,45186
82,53,41212
53,82,46248
82,54,42695
54,82,47371
82,55,44175
55,82,48515
82,56,44549
56,82,49299
82,57,46130
57,82,50483
82,58,47595
58,82,51736
82,59,49257
59,82,52920
82,60,49610
60,82,54091
82,61,51279
61,82,55358
82,62,52876
62,82,56647
82,63,54246
63,82,57639
82,64,54427
64,82,58221
82,65,56531
65,82,59980
82,66,58564
66,82,61763
82,67,60261
67,82,63080
82,68,60648
68,82,64350
82,69,62475
69,82,65614
82,70,64240
70,82,66894
82,71,65897
71,82,68332
82,72,66349
72,82,69304
82,73,68184
73,82,70683
82,74,69932
74,82,72015
82,75,71784
75,82,73491
82,76,72249
76,82,74867
82,77,74155
77,82,76305
82,78,75928
78,82,77704
82,79,77501
79,82,78895
82,80,77659
80,82,79632
82,81,80205
81,82,81668
82,82,82248
83,5,1024
5,83,3390
83,6,1160
6,83,3870
83,7,1379
7,83,4363
83,8,1594
8,83,4626
83,9,1863
9,83,5167
83,10,2193
10,83,5702
83,11,2527
11,83,6253
83,12,2858
12,83,6798
83,13,3268
13,83,7377
83,14,3653
14,83,8086
83,15,4108
15,83,8611
83,16,4456
16,83,8918
83,17,4960
17,83,9615
83,18,5455
18,83,10269
83,19,6019
19,83,10906
83,20,6466
20,83,11636
83,21,7062
21,83,12338
83,22,7625
22,83,13071
83,23,8266
23,83,13782
83,24,8757
24,83,14239
83,25,9414
25,83,15111
83,26,10074
26,83,15833
83,27,10878
27,83,16587
83,28,11468
28,83,17466
83,29,12149
29,83,18310
83,30,12901
30,83,19123
83,31,13672
31,83,19897
83,32,14275
32,83,20522
83,33,15165
33,83,21524
83,34,15890
34,83,22385
83,35,16748
35,83,23197
83,36,17461
36,83,24262
83,37,18369
37,83,25186
83,38,19246
38,83,26063
83,39,20164
39,83,26975
83,40,20858
40,83,27779
83,41,21802
41,83,28887
83,42,22771
42,83,29821
83,43,23743
43,83,30726
83,44,24551
44,83,32020
83,45,25565
45,83,33121
83,46,26460
46,83,34121
83,47,27496
47,83,35086
83,48,30557
48,83,40422
83,49,36776
49,83,42227
83,50,38389
50,83,43760
83,51,39789
51,83,44944
83,52,40208
52,83,45996
83,53,41717
53,83,47149
83,54,43139
54,83,48278
83,55,44617
55,83,49462
83,56,45052
56,83,50241
83,57,46707
57,83,51416
83,58,48205
58,83,52682
83,59,49757
59,83,53836
83,60,50247
60,83,55129
83,61,51916
61,83,56392
83,62,53508
62,83,57684
83,63,54919
63,83,58622
83,64,55066
64,83,59295
83,65,57235
65,83,61096
83,66,59295
66,83,62878
83,67,60925
67,83,64182
83,68,61405
68,83,65574
83,69,63254
69,83,66848
83,70,64920
70,83,68198
83,71,66652
71,83,69556
83,72,67235
72,83,70635
83,73,69015
73,83,71948
83,74,70793
74,83,73303
83,75,72625
75,83,74748
83,76,73172
76,83,76303
83,77,75108
77,83,77701
83,78,76943
78,83,79187
83,79,78539
79,83,80235
83,80,78689
80,83,81101
83,81,81240
81,83,83156
83,82,83755
82,83,85296
83,83,85218
84,5,1027
5,84,3434
84,6,1167
6,84,3830
84,7,1405
7,84,4399
84,8,1607
8,84,4648
84,9,1916
9,84,5229
84,10,2201
10,84,5877
84,11,2549
11,84,6302
84,12,2867
12,84,6835
84,13,3297
13,84,7471
84,14,3711
14,84,8039
84,15,4153
15,84,8717
84,16,4514
16,84,8961
84,17,5007
17,84,9764
84,18,5517
18,84,10373
84,19,6079
19,84,11054
84,20,6532
20,84,11707
84,21,7139
21,84,12502
84,22,7751
22,84,13222
84,23,8365
23,84,13929
84,24,8880
24,84,14327
84,25,9536
25,84,15315
84,26,10209
26,84,16046
84,27,10927
27,84,16815
84,28,11535
28,84,17589
84,29,12312
29,84,18514
84,30,13054
30,84,19405
84,31,13846
31,84,20212
84,32,14454
32,84,20657
84,33,15305
33,84,21824
84,34,16102
34,84,22675
84,35,16966
35,84,23592
84,36,17698
36,84,24384
84,37,18616
37,84,25508
84,38,19498
38,84,26443
84,39,20438
39,84,27367
84,40,21123
40,84,27938
84,41,22135
41,84,29298
84,42,23101
42,84,30304
84,43,24071
43,84,31240
84,44,24893
44,84,32194
84,45,25861
45,84,33595
84,46,26835
46,84,34593
84,47,27894
47,84,35363
84,48,30915
48,84,40446
84,49,37211
49,84,42251
84,50,38814
50,84,43804
84,51,40245
51,84,44912
84,52,40594
52,84,45950
84,53,42228
53,84,47146
84,54,43690
54,84,48304
84,55,45145
55,84,49458
84,56,45501
56,84,50253
84,57,47176
57,84,51476
84,58,48776
58,84,52685
84,59,50354
59,84,53956
84,60,50778
60,84,55095
84,61,52536
61,84,56447
84,62,54169
62,84,57724
84,63,55618
63,84,58739
84,64,55768
64,84,59293
84,65,57933
65,84,61226
84,66,59962
66,84,63006
84,67,61670
67,84,64296
84,68,62096
68,84,65545
84,69,64018
69,84,66989
84,70,65688
70,84,68312
84,71,67524
71,84,69728
84,72,67899
72,84,70564
84,73,69807
73,84,72098
84,74,71707
74,84,73567
84,75,73543
75,84,74934
84,76,74039
76,84,76309
84,77,76075
77,84,77915
84,78,77948
78,84,79337
84,79,79579
79,84,80421
84,80,79690
80,84,81142
84,81,82300
81,84,83400
84,82,84853
82,84,85521
84,83,86721
83,84,86961
84,84,86757
85,5,1051
5,85,3478
85,6,1172
6,85,3983
85,7,1405
7,85,4476
85,8,1610
8,85,4743
85,9,1915
9,85,5334
85,10,2232
10,85,5902
85,11,2576
11,85,6428
85,12,2963
12,85,7000
85,13,3319
13,85,7594
85,14,3789
14,85,8235
85,15,4197
15,85,8866
85,16,4558
16,85,9161
85,17,5056
17,85,9874
85,18,5579
18,85,10596
85,19,6139
19,85,11278
85,20,6606
20,85,11978
85,21,7231
21,85,12657
85,22,7831
22,85,13461
85,23,8465
23,85,14216
85,24,8958
24,85,14618
85,25,9633
25,85,15497
85,26,10344
26,85,16355
85,27,11053
27,85,17155
85,28,11677
28,85,17955
85,29,12454
29,85,18744
85,30,13218
30,85,19716
85,31,14033
31,85,20610
85,32,14631
32,85,21094
85,33,15473
33,85,22102
85,34,16311
34,85,23133
85,35,17189
35,85,24031
85,36,17934
36,85,24919
85,37,18873
37,85,25803
85,38,19783
38,85,26961
85,39,20699
39,85,27919
85,40,21470
40,85,28483
85,41,22448
41,85,29627
85,42,23386
42,85,30827
85,43,24390
43,85,31831
85,44,25253
44,85,32822
85,45,26208
45,85,33957
85,46,27203
46,85,35023
85,47,28297
47,85,36046
85,48,31274
48,85,41275
85,49,37646
49,85,43105
85,50,39323
50,85,44702
85,51,40719
51,85,45829
85,52,41061
52,85,46983
85,53,42653
53,85,48114
85,54,44195
54,85,49298
85,55,45679
55,85,50480
85,56,46082
56,85,51351
85,57,47753
57,85,52509
85,58,49339
58,85,53756
85,59,50885
59,85,54960
85,60,51384
60,85,56267
85,61,53122
61,85,57549
85,62,54840
62,85,58906
85,63,56283
63,85,59949
85,64,56506
64,85,60549
85,65,58643
65,85,62327
85,66,60720
66,85,64245
85,67,62398
67,85,65542
85,68,62866
68,85,66880
85,69,64691
69,85,68201
85,70,66568
70,85,69698
85,71,68313
71,85,71017
85,72,68774
72,85,72014
85,73,70718
73,85,73412
85,74,72517
74,85,75023
85,75,74388
75,85,76406
85,76,74963
76,85,77823
85,77,76979
77,85,79261
85,78,78938
78,85,80914
85,79,80581
79,85,82042
85,80,80753
80,85,82759
85,81,83358
81,85,84924
85,82,85939
82,85,87205
85,83,87822
83,85,88688
85,84,88334
84,85,90149
85,85,89993
86,5,1021
5,86,3587
86,6,1202
6,86,3989
86,7,1415
7,86,4554
86,8,1634
8,86,4849
86,9,1919
9,86,5438
86,10,2244
10,86,5985
86,11,2594
11,86,6565
86,12,2928
12,86,7143
86,13,3341
13,86,7727
86,14,3778
14,86,8348
86,15,4234
15,86,9079
86,16,4599
16,86,9320
86,17,5127
17,86,10067
86,18,5635
18,86,10758
86,19,6200
19,86,11478
86,20,6692
20,86,12207
86,21,7305
21,86,12913
86,22,7916
22,86,13662
86,23,8576
23,86,14495
86,24,9045
24,86,14902
86,25,9769
25,86,15812
86,26,10460
26,86,16536
86,27,11188
27,86,17468
86,28,11820
28,86,18281
86,29,12603
29,86,19115
86,30,13393
30,86,20003
86,31,14209
31,86,20970
86,32,14831
32,86,21478
86,33,15685
33,86,22496
86,34,16530
34,86,23358
86,35,17419
35,86,24467
86,36,18183
36,86,25368
86,37,19119
37,86,26310
86,38,20015
38,86,27235
86,39,20975
39,86,28452
86,40,21738
40,86,29017
86,41,22722
41,86,30191
86,42,23710
42,86,31163
86,43,24705
43,86,32426
86,44,25505
44,86,33587
86,45,26545
45,86,34627
86,46,27579
46,86,35348
86,47,28671
47,86,36721
86,48,31675
48,86,42016
86,49,38076
49,86,43914
86,50,39757
50,86,45515
86,51,41204
51,86,46672
86,52,41555
52,86,47782
86,53,43157
53,86,48996
86,54,44643
54,86,50200
86,55,46221
55,86,51407
86,56,46602
56,86,52276
86,57,48356
57,86,53496
86,58,49910
58,86,54729
86,59,51484
59,86,55969
86,60,51913
60,86,57291
86,61,53653
61,86,58574
86,62,55431
62,86,59917
86,63,56995
63,86,61010
86,64,57130
64,86,61615
86,65,59322
65,86,63500
86,66,61449
66,86,65317
86,67,63163
67,86,66715
86,68,63618
68,86,68109
86,69,65540
69,86,69450
86,70,67239
70,86,70839
86,71,69104
71,86,72355
86,72,69624
72,86,73320
86,73,71555
73,86,74782
86,74,73441
74,86,76195
86,75,75268
75,86,77772
86,76,75743
76,86,79265
86,77,77783
77,86,80769
86,78,79799
78,86,82262
86,79,81628
79,86,83507
86,80,81739
80,86,84270
86,81,84425
81,86,86464
86,82,87028
82,86,88653
86,83,88951
83,86,90249
86,84,89435
84,86,91822
86,85,91523
85,86,93294
86,86,93085
87,5,1053
5,87,3642
87,6,1188
6,87,4224
87,7,1421
7,87,4600
87,8,1663
8,87,4955
87,9,1934
9,87,5526
87,10,2251
10,87,6095
87,11,2627
11,87,6657
87,12,2967
12,87,7288
87,13,3371
13,87,7910
87,14,3823
14,87,8536
87,15,4294
15,87,9187
87,16,4645
16,87,9516
87,17,5182
17,87,10275
87,18,5700
18,87,10946
87,19,6285
19,87,11631
87,20,6759
20,87,12428
87,21,7377
21,87,13233
87,22,7983
22,87,13923
87,23,8652
23,87,14683
87,24,9173
24,87,15182
87,25,9864
25,87,16086
87,26,10581
26,87,16870
87,27,11351
27,87,17649
87,28,12032
28,87,18633
87,29,12740
29,87,19484
87,30,13550
30,87,20373
87,31,14380
31,87,21223
87,32,15019
32,87,21902
87,33,15876
33,87,22914
87,34,16720
34,87,23814
87,35,17647
35,87,24722
87,36,18430
36,87,25852
87,37,19357
37,87,26867
87,38,20281
38,87,27785
87,39,21242
39,87,28755
87,40,22010
40,87,29590
87,41,23033
41,87,30731
87,42,24011
42,87,31842
87,43,25061
43,87,32776
87,44,25852
44,87,34227
87,45,26943
45,87,34996
87,46,27958
46,87,36061
87,47,29055
47,87,37106
87,48,32056
48,87,42820
87,49,38511
49,87,44719
87,50,40194
50,87,46323
87,51,41693
51,87,47509
87,52,42042
52,87,48687
87,53,43646
53,87,49873
87,54,45171
54,87,51059
87,55,46729
55,87,52384
87,56,47205
56,87,53215
87,57,48885
57,87,54474
87,58,50486
58,87,55735
87,59,52066
59,87,56944
87,60,52495
60,87,58355
87,61,54265
61,87,59678
87,62,56014
62,87,61018
87,63,57489
63,87,62053
87,64,57801
64,87,62656
87,65,60023
65,87,64629
87,66,62159
66,87,66566
87,67,63934
67,87,67855
87,68,64422
68,87,69307
87,69,66261
69,87,70697
87,70,68037
70,87,72139
87,71,69888
71,87,73515
87,72,70489
72,87,74606
87,73,72479
73,87,76136
87,74,74334
74,87,77587
87,75,76179
75,87,79075
87,76,76729
76,87,80662
87,77,78696
77,87,82212
87,78,80678
78,87,83773
87,79,82373
79,87,84922
87,80,82756
80,87,85755
87,81,85481
81,87,88006
87,82,88102
82,87,90211
87,83,90039
83,87,91701
87,84,90561
84,87,93434
87,85,92624
85,87,94997
87,86,94717
86,87,96591
87,87,96251
88,5,1042
5,88,3623
88,6,1183
6,88,4208
88,7,1425
7,88,4691
88,8,1643
8,88,5014
88,9,1969
9,88,5574
88,10,2277
10,88,6159
88,11,2666
11,88,6745
88,12,2982
12,88,7280
88,13,3405
13,88,7975
88,14,3839
14,88,8619
88,15,4322
15,88,9265
88,16,4687
16,88,9604
88,17,5198
17,88,10381
88,18,5780
18,88,11048
88,19,6322
19,88,11751
88,20,6828
20,88,12469
88,21,7448
21,88,13269
88,22,8053
22,88,14048
88,23,8739
23,88,14841
88,24,9247
24,88,15214
88,25,9988
25,88,16263
88,26,10669
26,88,17069
88,27,11444
27,88,17890
88,28,12068
28,88,18695
88,29,12861
29,88,19703
88,30,13638
30,88,20570
88,31,14502
31,88,21483
88,32,15143
32,88,22028
88,33,16032
33,88,23218
88,34,16959
34,88,24092
88,35,17887
35,88,25019
88,36,18568
36,88,25966
88,37,19547
37,88,27133
88,38,20483
38,88,28130
88,39,21489
39,88,29126
88,40,22211
40,88,29708
88,41,23280
41,88,31151
88,42,24251
42,88,32162
88,43,25259
43,88,33345
88,44,26101
44,88,34333
88,45,27205
45,88,35425
88,46,28248
46,88,36496
88,47,29328
47,88,37551
88,48,32253
48,88,42821
88,49,38816
49,88,44756
88,50,40565
50,88,46371
88,51,42043
51,88,47538
88,52,42388
52,88,48704
88,53,44001
53,88,49914
88,54,45523
54,88,51142
88,55,47097
55,88,52331
88,56,47472
56,88,53174
88,57,49243
57,88,54485
88,58,50882
58,88,55791
88,59,52488
59,88,57035
88,60,52928
60,88,58316
88,61,54722
61,88,59749
88,62,56403
62,88,61057
88,63,57914
63,88,62167
88,64,58119
64,88,62721
88,65,60422
65,88,64768
88,66,62676
66,88,66665
88,67,64421
67,88,67973
88,68,64896
68,88,69339
88,69,66849
69,88,70837
88,70,68597
70,88,72243
88,71,70461
71,88,73679
88,72,70945
72,88,74681
88,73,73035
73,88,76312
88,74,74896
74,88,77757
88,75,76819
75,88,79253
88,76,77311
76,88,80694
88,77,79328
77,88,82397
88,78,81313
78,88,83926
88,79,83036
79,88,85120
88,80,83255
80,88,85819
88,81,86057
81,88,88238
88,82,88811
82,88,90459
88,83,90778
83,88,92011
88,84,91301
84,88,93446
88,85,93470
85,88,95296
88,86,95464
86,88,96912
88,87,97509
87,88,98468
88,88,97606
89,5,1079
5,89,3738
89,6,1209
6,89,4201
89,7,1454
7,89,4775
89,8,1661
8,89,5072
89,9,1988
9,89,5659
89,10,2306
10,89,6276
89,11,2691
11,89,6880
89,12,3005
12,89,7428
89,13,3447
13,89,8075
89,14,3876
14,89,8843
89,15,4361
15,89,9473
89,16,4751
16,89,9746
89,17,5279
17,89,10592
89,18,5814
18,89,11272
89,19,6377
19,89,11972
89,20,6898
20,89,12717
89,21,7538
21,89,13463
89,22,8159
22,89,14402
89,23,8837
23,89,15210
89,24,9373
24,89,15569
89,25,10082
25,89,16517
89,26,10797
26,89,17380
89,27,11555
27,89,18199
89,28,12201
28,89,19078
89,29,13030
29,89,19920
89,30,13827
30,89,20975
89,31,14676
31,89,21879
89,32,15337
32,89,22387
89,33,16225
33,89,23474
89,34,17102
34,89,24544
89,35,18028
35,89,25493
89,36,18811
36,89,26483
89,37,19775
37,89,27444
89,38,20741
38,89,28665
89,39,21774
39,89,29696
89,40,22499
40,89,30366
89,41,23559
41,89,31576
89,42,24502
42,89,32753
89,43,25539
43,89,33981
89,44,26447
44,89,35054
89,45,27550
45,89,35790
89,46,28598
46,89,37196
89,47,29733
47,89,38297
89,48,32602
48,89,43753
89,49,39179
49,89,45613
89,50,40939
50,89,47289
89,51,42399
51,89,48478
89,52,42882
52,89,49675
89,53,44484
53,89,50902
89,54,46066
54,89,52176
89,55,47590
55,89,53397
89,56,48036
56,89,54271
89,57,49734
57,89,55567
89,58,51408
58,89,56817
89,59,53060
59,89,58180
89,60,53540
60,89,59463
89,61,55329
61,89,60857
89,62,57040
62,89,62276
89,63,58549
63,89,63331
89,64,58753
64,89,64009
89,65,61019
65,89,65920
89,66,63298
66,89,67905
89,67,65039
67,89,69299
89,68,65650
68,89,70736
89,69,67599
69,89,72155
89,70,69360
70,89,73631
89,71,71263
71,89,75093
89,72,71788
72,89,76163
89,73,73800
73,89,77599
89,74,75778
74,89,79237
89,75,77698
75,89,80770
89,76,78254
76,89,82280
89,77,80333
77,89,83844
89,78,82302
78,89,85533
89,79,84007
79,89,86718
89,80,84198
80,89,87480
89,81,86970
81,89,89756
89,82,89729
82,89,92192
89,83,91701
83,89,93703
89,84,92435
84,89,95283
89,85,94586
85,89,96927
89,86,96657
86,89,98702
89,87,98708
87,89,100330
89,88,99284
88,89,101564
89,89,101009
90,5,1070
5,90,3838
90,6,1220
6,90,4275
90,7,1449
7,90,4869
90,8,1695
8,90,5161
90,9,2001
9,90,5766
90,10,2322
10,90,6377
90,11,2718
11,90,6976
90,12,3054
12,90,7598
90,13,3480
13,90,8228
90,14,3941
14,90,8920
90,15,4409
15,90,9740
90,16,4791
16,90,9941
90,17,5322
17,90,10713
90,18,5880
18,90,11400
90,19,6467
19,90,12222
90,20,6985
20,90,13037
90,21,7592
21,90,13733
90,22,8238
22,90,14491
90,23,8942
23,90,15532
90,24,9467
24,90,15837
90,25,10192
25,90,16771
90,26,10899
26,90,17595
90,27,11698
27,90,18552
90,28,12353
28,90,19428
90,29,13177
29,90,20343
90,30,13981
30,90,21216
90,31,14906
31,90,22290
90,32,15566
32,90,22793
90,33,16440
33,90,23893
90,34,17316
34,90,24832
90,35,18256
35,90,25967
90,36,19023
36,90,26958
90,37,20025
37,90,27943
90,38,20987
38,90,28933
90,39,22030
39,90,30242
90,40,22798
40,90,30848
90,41,23853
41,90,32113
90,42,24809
42,90,33261
90,43,25877
43,90,34579
90,44,26784
44,90,35358
90,45,27900
45,90,36446
90,46,28962
46,90,37548
90,47,30147
47,90,38990
90,48,32995
48,90,44440
90,49,39610
49,90,46433
90,50,41335
50,90,48107
90,51,42892
51,90,49315
90,52,43302
52,90,50575
90,53,44941
53,90,51807
90,54,46610
54,90,53076
90,55,48097
55,90,54322
90,56,48597
56,90,55202
90,57,50349
57,90,56559
90,58,51975
58,90,57849
90,59,53708
59,90,59140
90,60,54179
60,90,60542
90,61,55988
61,90,61910
90,62,57688
62,90,63316
90,63,59253
63,90,64499
90,64,59475
64,90,65148
90,65,61714
65,90,67114
90,66,63879
66,90,69045
90,67,65848
67,90,70504
90,68,66353
68,90,71997
90,69,68311
69,90,73365
90,70,70201
70,90,74846
90,71,72088
71,90,76442
90,72,72629
72,90,77480
90,73,74644
73,90,79001
90,74,76550
74,90,80513
90,75,78623
75,90,82163
90,76,79172
76,90,83715
90,77,81287
77,90,85309
90,78,83239
78,90,86900
90,79,85004
79,90,88239
90,80,85259
80,90,88997
90,81,88043
81,90,91285
90,82,90662
82,90,93570
90,83,92827
83,90,95382
90,84,93388
84,90,96974
90,85,95571
85,90,98621
90,86,97780
86,90,100224
90,87,99919
87,90,102103
90,88,100494
88,90,103322
90,89,102726
89,90,105025
90,90,104426
91,5,1074
5,91,3872
91,6,1216
6,91,4363
91,7,1464
7,91,4974
91,8,1676
8,91,5275
91,9,1979
9,91,5880
91,10,2329
10,91,6485
91,11,2727
11,91,7105
91,12,3099
12,91,7771
91,13,3519
13,91,8485
91,14,3961
14,91,9076
91,15,4434
15,91,9803
91,16,4892
16,91,10111
91,17,5385
17,91,10915
91,18,5947
18,91,11641
91,19,6532
19,91,12372
91,20,7052
20,91,13262
91,21,7711
21,91,13977
91,22,8332
22,91,14786
91,23,9038
23,91,15675
91,24,9560
24,91,16106
91,25,10318
25,91,17066
91,26,11037
26,91,17939
91,27,11824
27,91,18769
91,28,12488
28,91,19793
91,29,13318
29,91,20679
91,30,14149
30,91,21619
91,31,15018
31,91,22539
91,32,15681
32,91,23201
91,33,16637
33,91,24296
91,34,17515
34,91,25272
91,35,18465
35,91,26250
91,36,19265
36,91,27446
91,37,20297
37,91,28493
91,38,21274
38,91,29510
91,39,22302
39,91,30556
91,40,23094
40,91,31423
91,41,24073
41,91,32691
91,42,25115
42,91,33890
91,43,26234
43,91,34956
91,44,27140
44,91,35992
91,45,28227
45,91,37113
91,46,29354
46,91,38231
91,47,30522
47,91,39368
91,48,33318
48,91,45262
91,49,40018
49,91,47242
91,50,41769
50,91,48973
91,51,43271
51,91,50205
91,52,43812
52,91,51456
91,53,45497
53,91,52754
91,54,47061
54,91,54011
91,55,48638
55,91,55288
91,56,49136
56,91,56185
91,57,50867
57,91,57487
91,58,52542
58,91,58843
91,59,54227
59,91,60185
91,60,54819
60,91,61584
91,61,56612
61,91,62992
91,62,58354
62,91,64442
91,63,59968
63,91,65575
91,64,60200
64,91,66199
91,65,62434
65,91,68228
91,66,64682
66,91,70236
91,67,66487
67,91,71675
91,68,67084
68,91,73208
91,69,69087
69,91,74626
91,70,70926
70,91,76144
91,71,72809
71,91,77641
91,72,73502
72,91,78729
91,73,75523
73,91,80370
91,74,77479
74,91,81903
91,75,79407
75,91,83480
91,76,80116
76,91,85147
91,77,82276
77,91,86746
91,78,84250
78,91,88371
91,79,86031
79,91,89594
91,80,86254
80,91,90504
91,81,89048
81,91,92870
91,82,91732
82,91,95202
91,83,93836
83,91,96806
91,84,94517
84,91,98653
91,85,96715
85,91,100274
91,86,98852
86,91,101962
91,87,100962
87,91,103663
91,88,101715
88,91,105105
91,89,103996
89,91,106780
91,90,106183
90,91,108552
91,91,107938
92,5,1090
5,92,3864
92,6,1226
6,92,4436
92,7,1482
7,92,4976
92,8,1704
8,92,5267
92,9,2039
9,92,5923
92,10,2354
10,92,6551
92,11,2755
11,92,7160
92,12,3102
12,92,7788
92,13,3536
13,92,8488
92,14,4009
14,92,9173
92,15,4576
15,92,9877
92,16,4886
16,92,10161
92,17,5445
17,92,11120
92,18,5966
18,92,11842
92,19,6595
19,92,12507
92,20,7100
20,92,13271
92,21,7780
21,92,14221
92,22,8436
22,92,14946
92,23,9144
23,92,15815
92,24,9659
24,92,16203
92,25,10439
25,92,17285
92,26,11176
26,92,18126
92,27,12042
27,92,19002
92,28,12631
28,92,19889
92,29,13490
29,92,20974
92,30,14308
30,92,21885
92,31,15188
31,92,22833
92,32,15872
32,92,23331
92,33,16812
33,92,24638
92,34,17723
34,92,25616
92,35,18674
35,92,26595
92,36,19502
36,92,27562
92,37,20542
37,92,28831
92,38,21548
38,92,29904
92,39,22579
39,92,30953
92,40,23363
40,92,31607
92,41,24385
41,92,33256
92,42,25445
42,92,34326
92,43,26543
43,92,35127
92,44,27463
44,92,36194
92,45,28594
45,92,37592
92,46,29720
46,92,38710
92,47,30895
47,92,39875
92,48,33717
48,92,45251
92,49,40458
49,92,47287
92,50,42246
50,92,48987
92,51,43749
51,92,50239
92,52,44157
52,92,51430
92,53,45932
53,92,52731
92,54,47549
54,92,54062
92,55,49197
55,92,55326
92,56,49589
56,92,56208
92,57,51345
57,92,57600
92,58,53130
58,92,58892
92,59,54875
59,92,60233
92,60,55303
60,92,61620
92,61,57267
61,92,63128
92,62,59088
62,92,64555
92,63,60638
63,92,65698
92,64,60873
64,92,66295
92,65,63175
65,92,68345
92,66,65405
66,92,70360
92,67,67265
67,92,71811
92,68,67754
68,92,73183
92,69,69831
69,92,74812
92,70,71743
70,92,76340
92,71,73624
71,92,77829
92,72,74220
72,92,78823
92,73,76266
73,92,80531
92,74,78355
74,92,82102
92,75,80357
75,92,83685
92,76,80952
76,92,85232
92,77,83208
77,92,86962
92,78,85262
78,92,88599
92,79,87107
79,92,89841
92,80,87314
80,92,90588
92,81,90113
81,92,93120
92,82,92844
82,92,95480
92,83,94872
83,92,97114
92,84,95517
84,92,98734
92,85,97864
85,92,100607
92,86,99987
86,92,102237
92,87,102148
87,92,103931
92,88,102744
88,92,105141
92,89,105120
89,92,107152
92,90,107472
90,92,108867
92,91,109692
91,92,110615
92,92,109795
93,5,1079
5,93,3934
93,6,1244
6,93,4596
93,7,1568
7,93,5074
93,8,1724
8,93,5392
93,9,2048
9,93,6036
93,10,2378
10,93,6673
93,11,2762
11,93,7288
93,12,3131
12,93,8018
93,13,3582
13,93,8625
93,14,4048
14,93,9351
93,15,4542
15,93,10077
93,16,4931
16,93,10389
93,17,5507
17,93,11206
93,18,6055
18,93,11983
93,19,6672
19,93,12752
93,20,7184
20,93,13534
93,21,7857
21,93,14326
93,22,8525
22,93,15238
93,23,9236
23,93,16183
93,24,9844
24,93,16499
93,25,10542
25,93,17488
93,26,11295
26,93,18477
93,27,12108
27,93,19397
93,28,12786
28,93,20267
93,29,13633
29,93,21163
93,30,14479
30,93,22272
93,31,15379
31,93,23254
93,32,16065
32,93,23779
93,33,17010
33,93,24932
93,34,17921
34,93,26072
93,35,18919
35,93,27084
93,36,19726
36,93,28096
93,37,20794
37,93,29142
93,38,21793
38,93,30433
93,39,22847
39,93,31551
93,40,23651
40,93,32208
93,41,24673
41,93,33615
93,42,25750
42,93,34947
93,43,26868
43,93,35764
93,44,27785
44,93,36855
93,45,28960
45,93,37994
93,46,30095
46,93,39420
93,47,31302
47,93,40584
93,48,34129
48,93,46175
93,49,40873
49,93,48178
93,50,42712
50,93,49915
93,51,44222
51,93,51163
93,52,44720
52,93,52469
93,53,46400
53,93,53752
93,54,48061
54,93,55074
93,55,49705
55,93,56411
93,56,50141
56,93,57281
93,57,51897
57,93,58624
93,58,53661
58,93,60023
93,59,55356
59,93,61346
93,60,55939
60,93,62807
93,61,57837
61,93,64270
93,62,59711
62,93,65723
93,63,61289
63,93,66855
93,64,61549
64,93,67544
93,65,63906
65,93,69567
93,66,66151
66,93,71659
93,67,67969
67,93,73113
93,68,68510
68,93,74604
93,69,70534
69,93,76103
93,70,72547
70,93,77679
93,71,74480
71,93,79252
93,72,75038
72,93,80305
93,73,77144
73,93,81870
93,74,79084
74,93,83594
93,75,81154
75,93,85185
93,76,81841
76,93,86846
93,77,84051
77,93,88398
93,78,86258
78,93,90203
93,79,88097
79,93,91518
93,80,88290
80,93,92248
93,81,91161
81,93,94640
93,82,93921
82,93,97225
93,83,96055
83,93,98869
93,84,96610
84,93,100567
93,85,98900
85,93,102197
93,86,101190
86,93,104135
93,87,103372
87,93,105849
93,88,103998
88,93,107070
93,89,106323
89,93,108814
93,90,108559
90,93,110862
93,91,110795
91,93,112622
93,92,111674
92,93,114446
93,93,113569
94,5,1116
5,94,4115
94,6,1250
6,94,4609
94,7,1495
7,94,5190
94,8,1736
8,94,5495
94,9,2044
9,94,6166
94,10,2429
10,94,6781
94,11,2806
11,94,7427
94,12,3149
12,94,8103
94,13,3619
13,94,8779
94,14,4061
14,94,9497
94,15,4579
15,94,10259
94,16,4993
16,94,10539
94,17,5546
17,94,11401
94,18,6133
18,94,12129
94,19,6722
19,94,12965
94,20,7289
20,94,13777
94,21,7954
21,94,14591
94,22,8625
22,94,15438
94,23,9333
23,94,16388
94,24,9916
24,94,16798
94,25,10693
25,94,17822
94,26,11389
26,94,18679
94,27,12231
27,94,19756
94,28,12930
28,94,20634
94,29,13807
29,94,21565
94,30,14647
30,94,22511
94,31,15551
31,94,23654
94,32,16244
32,94,24167
94,33,17207
33,94,25366
94,34,18140
34,94,26358
94,35,19139
35,94,27562
94,36,19983
36,94,28596
94,37,21038
37,94,29661
94,38,22043
38,94,30722
94,39,23106
39,94,32124
94,40,23843
40,94,32743
94,41,24962
41,94,34231
94,42,26053
42,94,34988
94,43,27201
43,94,36342
94,44,28150
44,94,37480
94,45,29365
45,94,38635
94,46,30491
46,94,39807
94,47,31677
47,94,41284
94,48,34502
48,94,46947
94,49,41384
49,94,49003
94,50,43109
50,94,50798
94,51,44723
51,94,52074
94,52,45177
52,94,53384
94,53,46892
53,94,54656
94,54,48475
54,94,56018
94,55,50239
55,94,57335
94,56,50653
56,94,58232
94,57,52529
57,94,59629
94,58,54220
58,94,60993
94,59,55970
59,94,62438
94,60,56490
60,94,63870
94,61,58390
61,94,65335
94,62,60296
62,94,66787
94,63,61973
63,94,67983
94,64,62255
64,94,68650
94,65,64628
65,94,70730
94,66,66840
66,94,72796
94,67,68725
67,94,74307
94,68,69234
68,94,75833
94,69,71305
69,94,77404
94,70,73238
70,94,78958
94,71,75348
71,94,80548
94,72,75862
72,94,81640
94,73,78030
73,94,83266
94,74,80033
74,94,84895
94,75,82078
75,94,86595
94,76,82677
76,94,88252
94,77,84845
77,94,89933
94,78,87118
78,94,91600
94,79,89093
79,94,93057
94,80,89324
80,94,93814
94,81,92261
81,94,96257
94,82,95011
82,94,98681
